id,first_name,last_name,email,gender,ip_address,car_model_year,car_make,car_model,isbn
1,Brook,Reid,breid0@deviantart.com,Male,187.70.242.93,2007,Scion,tC,578499824-2
2,Holli,Veld,hveld1@scribd.com,Female,106.59.25.237,2008,Toyota,Camry Solara,467929655-0
3,Flossi,Pietruszka,fpietruszka2@smh.com.au,Female,222.16.224.43,1989,Ford,Taurus,805817910-8
4,Ash,Fosdick,afosdick3@mit.edu,Male,92.151.94.248,1999,Volkswagen,rio,251308787-9
5,Lorrayne,Bendle,lbendle4@acquirethisname.com,Female,91.70.9.219,1993,Volkswagen,Fox,124712432-0
6,Laird,Theuff,ltheuff5@prweb.com,Male,192.220.6.43,2012,Nissan,Murano,626293402-2
7,Lynea,Curmi,lcurmi6@skyrock.com,Female,46.50.192.164,2012,Ford,Edge,723547269-3
8,Teddie,Dryden,tdryden7@mit.edu,Male,3.65.233.165,2005,Chevrolet,Tahoe,798569548-6
9,Anallise,Ambroix,aambroix8@google.ca,Female,242.219.214.102,1992,Ford,F350,409832660-4
10,Celinka,Lowfill,clowfill9@theguardian.com,Female,112.137.60.195,1997,Toyota,Camry,304989789-9
11,Wilden,Craig,wcraiga@huffingtonpost.com,Male,62.152.202.251,2007,GMC,Savana 2500,404439878-X
12,Tommy,Maciak,tmaciakb@dagondesign.com,Female,35.221.76.168,2009,Mazda,Miata MX-5,261966164-1
13,Grenville,Battershall,gbattershallc@nps.gov,Male,152.102.230.197,1990,Lincoln,Continental Mark VII,810784574-9
14,Laetitia,Pollastrino,lpollastrinod@miibeian.gov.cn,Female,237.183.114.254,1993,Volkswagen,Jetta,579428159-6
15,Catie,Rolse,crolsee@delicious.com,Female,196.170.243.225,1998,Mitsubishi,Galant,879276981-0
16,Peter,Le febre,plefebref@g.co,Male,91.106.240.9,2000,Toyota,4Runner,103143182-9
17,Andros,Forber,aforberg@youtu.be,Male,181.219.207.71,2006,BMW,X5,719392371-4
18,Livvyy,Markwelley,lmarkwelleyh@baidu.com,Female,178.44.53.235,1998,Honda,Prelude,034492847-0
19,Lionel,Husbands,lhusbandsi@lulu.com,Male,123.212.4.62,1994,Land Rover,Defender 90,852170830-0
20,Baily,Sutliff,bsutliffj@cargocollective.com,Male,47.99.234.15,2012,Infiniti,IPL G,868150634-X
21,Margeaux,McQuade,mmcquadek@hugedomains.com,Female,248.149.244.3,1962,Chevrolet,Corvette,968553784-4
22,Archambault,Waumsley,awaumsleyl@europa.eu,Male,246.173.164.163,1987,Mitsubishi,Cordia,445781640-X
23,Berny,Putman,bputmanm@cbslocal.com,Female,3.102.202.132,2006,Dodge,Viper,834543526-2
24,Vassily,Winkle,vwinklen@pen.io,Male,116.73.24.192,2010,Mazda,MX-5,560110172-8
25,Ernesto,Turfin,eturfino@prlog.org,Male,85.66.87.245,2000,Plymouth,Grand Voyager,474594130-7
26,Bambi,Langfat,blangfatp@time.com,Female,219.85.75.82,2010,Audi,A8,088057330-9
27,Hamid,Ponder,hponderq@accuweather.com,Male,54.18.231.147,1986,Mercury,Topaz,285816179-8
28,Nata,Studart,nstudartr@archive.org,Female,227.142.211.237,1968,Pontiac,Firebird,183433026-2
29,Waylon,Bee,wbees@tamu.edu,Male,193.203.162.32,2002,Hyundai,Accent,493270073-3
30,Zena,Dreghorn,zdreghornt@epa.gov,Female,236.162.183.217,2004,Oldsmobile,Bravada,277832710-X
31,Lorens,Carabine,lcarabineu@youtu.be,Male,169.194.102.114,1992,Porsche,911,344613729-7
32,Hans,Nield,hnieldv@google.com.au,Male,78.220.12.255,1990,Suzuki,SJ,335425341-X
33,Ulrikaumeko,Koop,ukoopw@ebay.co.uk,Female,162.134.233.141,2009,Ford,Mustang,926918888-4
34,Inesita,Dowty,idowtyx@mediafire.com,Female,126.62.138.117,2011,Porsche,Cayman,383255998-1
35,Rudolf,Ivanets,rivanetsy@businessweek.com,Male,123.61.121.168,2002,GMC,Envoy XL,903234335-1
36,Kelley,Collymore,kcollymorez@ovh.net,Male,10.92.11.229,2005,BMW,6 Series,432273202-X
37,Enrico,Cheel,echeel10@163.com,Male,24.124.100.147,1987,Mercury,Cougar,610060865-0
38,Valentine,Shirrell,vshirrell11@google.com.hk,Female,44.125.174.152,1997,Ford,F250,877571688-7
39,Blondie,Wixey,bwixey12@xrea.com,Female,126.176.157.65,1992,Pontiac,Bonneville,810156879-4
40,Gabi,Sate,gsate13@vimeo.com,Female,248.171.248.195,1985,Ford,Bronco II,263324035-6
41,Othella,Semiras,osemiras14@netlog.com,Female,148.111.213.58,2004,Dodge,Ram 1500,858019755-4
42,Paddy,Quiney,pquiney15@acquirethisname.com,Male,245.218.28.98,2012,Bentley,Continental Super,777286088-9
43,Ivie,Wellbeloved,iwellbeloved16@sitemeter.com,Female,130.200.177.215,2003,Toyota,Sienna,704055789-4
44,Maureene,Oloshin,moloshin17@facebook.com,Female,13.218.252.205,1995,Ford,Club Wagon,577361775-7
45,Doreen,Phillipson,dphillipson18@1und1.de,Female,89.138.67.199,1987,Buick,Electra,656510573-1
46,Alick,Solomon,asolomon19@ucoz.com,Male,0.75.107.48,1992,Mazda,MPV,677674259-6
47,Laurel,Piccop,lpiccop1a@foxnews.com,Female,228.112.6.25,1997,Audi,A4,565650365-8
48,Bill,Twizell,btwizell1b@usatoday.com,Male,91.102.103.106,2002,BMW,Z3,786516026-7
49,Bird,Manzell,bmanzell1c@typepad.com,Female,186.169.228.165,2010,Ford,E350,291456352-3
50,Kati,Diprose,kdiprose1d@blogs.com,Female,23.15.187.158,2004,Chevrolet,Tracker,262506514-1
51,Michale,Bricksey,mbricksey1e@soundcloud.com,Male,128.141.153.58,2004,Volkswagen,R32,249548838-2
52,Rosemary,Jerisch,rjerisch1f@wix.com,Female,227.103.209.24,2005,Toyota,Camry,509404533-4
53,Kali,Gounin,kgounin1g@jiathis.com,Female,131.59.211.95,2003,Cadillac,Escalade EXT,365425754-2
54,Fallon,Ashburner,fashburner1h@wordpress.com,Female,193.180.68.203,1992,Chevrolet,Astro,976935905-X
55,Neda,Avent,navent1i@hibu.com,Female,10.198.141.56,1980,Chevrolet,Citation,762256020-0
56,Wini,Oury,woury1j@google.it,Female,94.136.240.210,1994,GMC,Rally Wagon 3500,988558352-1
57,York,Adenet,yadenet1k@fotki.com,Male,168.127.175.139,1995,Oldsmobile,Silhouette,681361980-2
58,Jocelin,Chanders,jchanders1l@msn.com,Female,174.138.79.67,2004,Ford,E250,503353904-3
59,Jocko,Paulsson,jpaulsson1m@behance.net,Male,161.194.81.36,2012,Cadillac,SRX,678134997-X
60,Myrilla,Kiddell,mkiddell1n@macromedia.com,Female,240.102.188.87,2007,Jeep,Wrangler,763254219-1
61,Remus,Le Fleming,rlefleming1o@pen.io,Male,170.160.241.15,2005,Pontiac,Grand Am,302346888-5
62,Elbertine,Kosel,ekosel1p@elpais.com,Female,84.210.229.189,2005,BMW,7 Series,602799489-4
63,Jeannette,Taunton,jtaunton1q@webs.com,Female,45.2.93.53,1995,Buick,Century,008584630-9
64,Broddy,McCay,bmccay1r@wp.com,Male,144.31.151.142,1992,Chevrolet,Camaro,074268710-4
65,Jamey,Keppe,jkeppe1s@sciencedirect.com,Male,170.164.27.40,2011,Audi,A8,433813239-6
66,Patrice,Beecham,pbeecham1t@si.edu,Male,135.240.243.182,1992,Honda,Civic,610564124-9
67,Egan,Martlew,emartlew1u@woothemes.com,Male,63.92.225.128,1992,Eagle,Talon,530372973-7
68,Kaila,Jeannot,kjeannot1v@cpanel.net,Female,8.131.93.222,2008,Cadillac,Escalade EXT,704873836-7
69,Sascha,Goodlad,sgoodlad1w@wikispaces.com,Female,92.110.42.208,1999,Dodge,Ram Van 1500,219604610-8
70,Karlee,Brandsma,kbrandsma1x@barnesandnoble.com,Female,33.168.82.146,2002,Mercedes-Benz,SLK-Class,881437919-X
71,Annabelle,Kynastone,akynastone1y@mac.com,Female,252.78.163.138,2005,Lamborghini,Gallardo,867635862-1
72,Christy,Grayshon,cgrayshon1z@hibu.com,Female,196.4.238.217,2006,Ford,Expedition,933522860-5
73,Porty,Putterill,pputterill20@icio.us,Male,18.1.13.24,2004,Toyota,MR2,726150517-X
74,Julianne,Speechly,jspeechly21@stanford.edu,Female,116.15.30.79,2003,Volvo,V70,868122946-X
75,Thaine,Sclater,tsclater22@mediafire.com,Male,63.47.113.74,2010,Saab,9-3,961032698-6
76,Esdras,Itzkovwich,eitzkovwich23@icio.us,Male,182.11.202.205,2011,Volvo,S60,680379288-9
77,Elfrieda,Robertet,erobertet24@senate.gov,Female,46.131.121.120,2009,GMC,Savana 3500,121138173-0
78,Monty,Fowles,mfowles25@about.me,Male,164.87.215.184,1992,Dodge,Dynasty,999580662-2
79,Phyllida,Willshaw,pwillshaw26@mit.edu,Female,36.96.237.175,1992,Chevrolet,Sportvan G30,995868171-4
80,Collette,Maffy,cmaffy27@spiegel.de,Female,102.118.98.13,1995,BMW,8 Series,100504189-X
81,Arie,Bakesef,abakesef28@weebly.com,Male,242.86.200.157,1992,Chevrolet,Corsica,616380177-6
82,Andriana,Starrs,astarrs29@independent.co.uk,Female,59.134.178.61,1986,Toyota,MR2,015833197-4
83,Ruperta,Bielfeldt,rbielfeldt2a@jiathis.com,Female,135.6.58.80,2002,Land Rover,Freelander,699819525-7
84,Rayna,Champniss,rchampniss2b@google.com,Female,17.71.82.103,2000,Ford,Contour,769291919-4
85,Adriena,Speers,aspeers2c@hc360.com,Female,131.9.216.176,2006,Isuzu,Ascender,397098067-4
86,Earvin,Wigmore,ewigmore2d@gizmodo.com,Male,21.129.59.151,1989,Buick,Reatta,862886377-X
87,Lacee,Russon,lrusson2e@nyu.edu,Female,36.27.197.168,2001,Volvo,V70,028381444-6
88,Carlee,Barcke,cbarcke2f@examiner.com,Female,169.167.71.241,2010,Pontiac,G6,390251162-1
89,Hilary,Horbath,hhorbath2g@mapquest.com,Female,209.10.35.118,2004,Acura,TL,330080997-5
90,Harlie,Halsho,hhalsho2h@edublogs.org,Female,61.18.131.163,2008,Toyota,Tacoma,065219806-6
91,Julianne,Cabena,jcabena2i@psu.edu,Female,68.119.43.192,1995,Plymouth,Grand Voyager,398166406-X
92,Theo,Bathow,tbathow2j@hexun.com,Female,209.165.87.40,1993,Volvo,940,758921568-6
93,Cesare,Younglove,cyounglove2k@fc2.com,Male,18.252.178.217,2010,Hummer,H3T,861597422-5
94,Jarrett,Pratt,jpratt2l@google.ca,Male,181.176.151.9,1997,Pontiac,Trans Sport,737679720-3
95,Caril,Ferrers,cferrers2m@freewebs.com,Female,140.169.223.179,1993,Infiniti,G,785907977-1
96,Jacquette,Gibby,jgibby2n@yandex.ru,Female,21.27.138.238,2005,Nissan,Frontier,192553069-8
97,Trace,Beslier,tbeslier2o@cornell.edu,Male,241.195.75.136,2004,Mercury,Sable,776721994-1
98,Gerianna,Woodes,gwoodes2p@yandex.ru,Female,121.77.221.244,1987,Buick,Regal,435837614-2
99,Gradeigh,Filipowicz,gfilipowicz2q@google.nl,Male,94.49.136.207,2008,Toyota,RAV4,854188938-6
100,Giffard,Wakelin,gwakelin2r@instagram.com,Male,75.244.60.216,1999,Mercedes-Benz,E-Class,881696599-1
101,Concettina,Koschke,ckoschke2s@bbc.co.uk,Female,55.41.178.73,1997,Chevrolet,1500,584692660-6
102,Harper,Throughton,hthroughton2t@independent.co.uk,Male,98.18.249.172,2005,Saab,9-7X,053731978-6
103,Ruth,Briskey,rbriskey2u@earthlink.net,Female,70.8.102.157,1994,Mercedes-Benz,E-Class,546240845-5
104,Lynne,Kibbee,lkibbee2v@irs.gov,Female,100.222.220.193,2010,Cadillac,DTS,792857453-5
105,Orrin,Wedderburn,owedderburn2w@360.cn,Male,253.26.89.156,2005,Buick,LeSabre,957270232-7
106,Tomasine,Barsam,tbarsam2x@netvibes.com,Female,42.222.234.196,1997,Suzuki,X-90,945805310-2
107,Lianna,McClinton,lmcclinton2y@google.it,Female,139.61.168.81,1998,Honda,Passport,085045249-X
108,Arly,Edington,aedington2z@t-online.de,Female,222.95.214.83,2012,Ford,Focus,783592498-6
109,Quill,Hazeman,qhazeman30@de.vu,Male,18.140.205.81,2006,Land Rover,LR3,215883341-6
110,Gail,Reeder,greeder31@pen.io,Male,124.29.206.217,1993,Chevrolet,Lumina APV,860258396-6
111,Fitz,Edleston,fedleston32@stumbleupon.com,Male,208.24.90.25,2011,Jeep,Patriot,286815918-4
112,Yuri,Gettins,ygettins33@sciencedirect.com,Male,214.226.225.140,1988,Chevrolet,Corvette,297627304-9
113,Angelia,Zelland,azelland34@discuz.net,Female,207.82.239.187,2000,Dodge,Viper,953954370-3
114,Anastasie,Waghorn,awaghorn35@yale.edu,Female,112.13.157.10,1994,Volkswagen,Golf,331165047-6
115,Theodor,Bilt,tbilt36@privacy.gov.au,Male,18.246.246.101,2002,GMC,Sierra 1500,687077137-5
116,Lindsy,Greader,lgreader37@xrea.com,Female,43.36.77.97,1998,Eagle,Talon,063905560-5
117,Ode,Tallowin,otallowin38@hp.com,Male,144.45.247.60,2008,Land Rover,LR3,726955867-1
118,Eryn,Rubinshtein,erubinshtein39@fda.gov,Female,154.241.105.163,2008,Hyundai,Entourage,552397743-8
119,Tabina,Tute,ttute3a@topsy.com,Female,71.113.251.142,1994,Chevrolet,Astro,759715173-X
120,Jeanelle,Feldberger,jfeldberger3b@techcrunch.com,Female,172.158.14.12,2010,Audi,A4,499667535-7
121,Jase,Dewitt,jdewitt3c@whitehouse.gov,Male,47.4.245.168,2002,Toyota,Corolla,472161831-X
122,Emmery,Cockman,ecockman3d@usa.gov,Male,66.187.199.63,2004,Nissan,Altima,812187835-7
123,Nealon,Wagstaff,nwagstaff3e@omniture.com,Male,167.5.114.53,1999,Saab,9-5,632920269-9
124,Cletis,Gutch,cgutch3f@shinystat.com,Male,242.160.55.105,2012,Volvo,S80,114201426-6
125,Marti,Yeend,myeend3g@friendfeed.com,Female,86.135.84.7,1988,Mitsubishi,Chariot,804508125-2
126,Garth,Schlagh,gschlagh3h@indiegogo.com,Male,193.53.76.94,1993,Plymouth,Acclaim,829463842-0
127,Wilmar,Churching,wchurching3i@chron.com,Male,147.228.125.14,2002,Toyota,Corolla,617379796-8
128,Ansley,Tinto,atinto3j@slideshare.net,Female,208.230.90.87,2010,Chevrolet,Silverado,975358756-2
129,Mitch,Habbin,mhabbin3k@arstechnica.com,Male,31.227.64.93,2009,GMC,Savana 3500,618672273-2
130,Leesa,Pyett,lpyett3l@buzzfeed.com,Female,234.88.55.97,2006,Jaguar,X-Type,383912117-5
131,Sigrid,Chate,schate3m@mac.com,Female,164.105.237.141,1992,Volkswagen,Corrado,305764575-5
132,Blondell,Medlicott,bmedlicott3n@addthis.com,Female,47.209.124.252,1991,Lotus,Elan,345208307-1
133,Buffy,Telfer,btelfer3o@disqus.com,Female,171.19.10.205,2000,GMC,Safari,411736197-X
134,Leonard,Menis,lmenis3p@mtv.com,Male,19.138.165.169,2007,Ford,F150,064537892-5
135,Pyotr,Luckes,pluckes3q@upenn.edu,Male,218.202.206.199,1992,Mitsubishi,Mighty Max,268780527-0
136,Chandra,Passman,cpassman3r@jiathis.com,Female,90.124.190.32,2007,Maybach,57,467132383-4
137,Garey,Nassy,gnassy3s@house.gov,Male,117.188.145.178,2003,Volkswagen,GTI,619841462-0
138,Estella,Toffel,etoffel3t@digg.com,Female,111.228.55.202,2004,Mazda,MX-5,381796038-7
139,Emmery,Danbye,edanbye3u@devhub.com,Male,217.221.192.72,2005,Chrysler,Crossfire,339105734-3
140,Sandy,Alben,salben3v@mail.ru,Female,190.244.219.31,2006,Isuzu,i-Series,412788688-9
141,Carmela,Trask,ctrask3w@artisteer.com,Female,154.51.211.110,2008,GMC,Yukon XL 1500,825936992-3
142,Barbra,Kinneally,bkinneally3x@arizona.edu,Female,132.216.179.32,1995,Chevrolet,Tahoe,473932135-1
143,Davon,Sergeaunt,dsergeaunt3y@yellowpages.com,Male,230.195.126.87,2001,Dodge,Caravan,281987064-3
144,Aland,Perfect,aperfect3z@opera.com,Male,54.212.142.128,1992,Toyota,Previa,149646493-1
145,Daisey,Penhale,dpenhale40@marriott.com,Female,82.15.20.120,2003,Pontiac,Grand Am,985862436-0
146,Hedwiga,Orred,horred41@alibaba.com,Female,7.47.241.126,1992,Mitsubishi,Pajero,919389328-0
147,Haywood,Dunkley,hdunkley42@nytimes.com,Male,109.167.202.169,1998,Mazda,MX-5,771151404-2
148,Neale,Eborall,neborall43@pen.io,Male,152.137.252.109,1996,Toyota,Corolla,117321595-6
149,Jermayne,Wilderspoon,jwilderspoon44@macromedia.com,Male,221.241.194.39,2010,Chrysler,300,465014487-6
150,Paolina,Kelleway,pkelleway45@freewebs.com,Female,33.134.129.42,1963,Austin,Mini Cooper S,250710570-4
151,Chico,Paschek,cpaschek46@last.fm,Male,165.239.255.249,2002,Audi,A8,858633904-0
152,Ida,Lobbe,ilobbe47@rakuten.co.jp,Female,47.129.203.113,2002,Mercedes-Benz,E-Class,788536290-6
153,Ivy,Vickerstaff,ivickerstaff48@livejournal.com,Female,1.57.109.60,1997,Mazda,B-Series,026528893-2
154,Seline,Guyers,sguyers49@kickstarter.com,Female,234.22.168.17,2008,Audi,A6,577752580-6
155,Renie,Adlam,radlam4a@xinhuanet.com,Female,155.55.197.233,2002,Infiniti,Q,213463431-6
156,Elbert,Lote,elote4b@acquirethisname.com,Male,233.204.177.46,2008,Mitsubishi,Eclipse,594641003-2
157,Aaron,Brawley,abrawley4c@bigcartel.com,Male,179.144.134.100,2007,Chevrolet,Express 3500,200756677-X
158,Gayel,Issett,gissett4d@exblog.jp,Female,239.1.25.193,2003,Chrysler,Town & Country,698962214-8
159,Carissa,Thorndycraft,cthorndycraft4e@vinaora.com,Female,121.68.83.113,1989,Audi,80,006174823-4
160,Sanson,Welbeck,swelbeck4f@mapquest.com,Male,41.58.67.212,1992,Audi,V8,611988913-2
161,Shannon,Stoppe,sstoppe4g@ftc.gov,Female,230.101.157.101,1998,Oldsmobile,Intrigue,843582956-1
162,Janette,Nanni,jnanni4h@dailymail.co.uk,Female,60.164.235.251,1977,Mercedes-Benz,W123,655668975-0
163,Tomas,Tedridge,ttedridge4i@homestead.com,Male,189.155.203.209,1994,Hummer,H1,303278654-1
164,Giralda,Stibbs,gstibbs4j@amazon.co.uk,Female,252.80.252.241,2013,Ford,C-MAX Hybrid,653507413-7
165,Carrissa,Dansie,cdansie4k@businessinsider.com,Female,0.55.51.205,2000,Mercedes-Benz,SLK-Class,007201891-7
166,Olivier,Bielefeld,obielefeld4l@etsy.com,Male,41.172.100.216,2007,Audi,S6,766641842-6
167,Wallie,Bush,wbush4m@exblog.jp,Female,96.37.117.130,2010,Ford,F350,613104846-0
168,Lou,Krzyzaniak,lkrzyzaniak4n@edublogs.org,Female,199.133.154.29,1996,Saab,900,126070648-6
169,Mort,Tschierasche,mtschierasche4o@ucoz.com,Male,45.208.171.236,2007,Ford,E150,221511317-0
170,Inness,Huckle,ihuckle4p@zimbio.com,Male,125.142.15.204,2001,BMW,Z3,693118010-X
171,Murray,Kemell,mkemell4q@wordpress.com,Male,234.178.232.7,2006,Bentley,Continental Flying Spur,829339406-4
172,Gayler,Acock,gacock4r@reuters.com,Male,184.138.40.13,2007,Mercedes-Benz,GL-Class,802367364-5
173,Aloysia,Kenningham,akenningham4s@homestead.com,Female,188.96.45.172,1995,Volkswagen,Passat,489377000-4
174,Clarita,Alker,calker4t@ezinearticles.com,Female,220.229.180.90,1998,BMW,M3,164365700-3
175,Marten,McCay,mmccay4u@usa.gov,Male,169.247.126.40,2008,Honda,S2000,613995829-6
176,Carrie,D'Alessio,cdalessio4v@bloglovin.com,Female,11.37.157.116,1993,Oldsmobile,Silhouette,368882826-7
177,Romeo,Elverston,relverston4w@freewebs.com,Male,165.28.16.37,1994,Toyota,T100,601814161-2
178,Derron,Forestel,dforestel4x@microsoft.com,Male,1.252.208.243,2005,Jeep,Liberty,988162076-7
179,Lurleen,Luckcuck,lluckcuck4y@amazon.co.jp,Female,11.59.185.31,2007,Chrysler,Crossfire,612736754-9
180,Guenna,Pottiphar,gpottiphar4z@1und1.de,Female,165.146.241.71,2006,Suzuki,Forenza,171486536-3
181,Erasmus,Wethey,ewethey50@seattletimes.com,Male,168.183.122.202,2008,Pontiac,Grand Prix,984339605-7
182,Dominga,Menendes,dmenendes51@ted.com,Female,120.255.241.238,1990,Buick,Skylark,472505095-4
183,Florinda,Ponde,fponde52@ucla.edu,Female,91.241.49.251,2002,Daewoo,Leganza,443286712-4
184,Jessalin,Grand,jgrand53@vinaora.com,Female,184.188.72.64,2001,Oldsmobile,Silhouette,251768284-4
185,Claus,Turpie,cturpie54@list-manage.com,Male,163.79.190.127,1996,Infiniti,J,961426634-1
186,Delmer,Hubber,dhubber55@slideshare.net,Male,249.244.153.245,2009,Chevrolet,Express 3500,395599541-0
187,Wit,Doogan,wdoogan56@last.fm,Male,68.97.91.75,2011,Nissan,Altima,508981863-0
188,Giavani,Ghilardini,gghilardini57@cornell.edu,Male,123.102.78.82,1990,Subaru,Justy,321335312-4
189,Carlye,Krugmann,ckrugmann58@github.io,Female,213.62.112.180,2003,Chevrolet,Cavalier,403307613-1
190,Nata,Worley,nworley59@state.gov,Female,86.77.233.243,1996,Lexus,LS,339372505-X
191,Courtenay,Canton,ccanton5a@telegraph.co.uk,Female,116.182.173.8,2005,Audi,A4,392638886-2
192,Gideon,Beck,gbeck5b@psu.edu,Male,43.124.76.9,1992,Volkswagen,GTI,510408641-0
193,Karrie,Dorrell,kdorrell5c@skyrock.com,Female,220.65.49.18,1993,Dodge,Grand Caravan,563189030-5
194,Donella,Pillinger,dpillinger5d@hhs.gov,Female,70.248.122.154,1995,Land Rover,Defender 90,797853546-0
195,Talbot,Killigrew,tkilligrew5e@jalbum.net,Male,190.118.69.247,2009,Lotus,Exige,840782517-4
196,Even,Whatman,ewhatman5f@acquirethisname.com,Male,77.91.92.172,2007,Lexus,IS,023432049-4
197,Olivero,Creegan,ocreegan5g@gizmodo.com,Male,21.112.112.11,2006,GMC,Sierra Denali,859947689-0
198,Lorelle,Drennan,ldrennan5h@uiuc.edu,Female,198.81.54.87,2005,Chevrolet,Colorado,580078255-5
199,Hermy,Drakes,hdrakes5i@pen.io,Male,121.201.17.40,2009,Mercedes-Benz,SLR McLaren,243182402-0
200,Hyacinthia,Rebeiro,hrebeiro5j@hostgator.com,Female,186.105.203.138,2006,Chevrolet,Avalanche,170713334-4
201,Rodi,Treswell,rtreswell5k@purevolume.com,Female,95.30.154.129,2005,Mitsubishi,Endeavor,781268823-2
202,Reube,Devoy,rdevoy5l@jiathis.com,Male,111.202.179.153,2005,Ford,E250,778561591-8
203,Nanni,Clare,nclare5m@reverbnation.com,Female,103.253.224.1,1991,Audi,90,968256183-3
204,Isac,Poon,ipoon5n@wordpress.com,Male,186.11.201.95,2000,Mitsubishi,Montero Sport,793554480-8
205,Dal,Bellow,dbellow5o@friendfeed.com,Male,99.0.204.152,1992,Mazda,Miata MX-5,816709238-0
206,Bear,Kesten,bkesten5p@edublogs.org,Male,59.234.110.95,2010,BMW,M6,394168564-3
207,Kaleena,Chate,kchate5q@edublogs.org,Female,49.68.28.129,2005,Ford,E150,447087309-8
208,Alanna,Whittam,awhittam5r@deliciousdays.com,Female,163.58.105.153,1993,Mercedes-Benz,300SD,784339352-8
209,Read,Gabbatiss,rgabbatiss5s@squarespace.com,Male,40.114.177.81,1984,Mercedes-Benz,W201,579416140-X
210,Marjorie,Pouck,mpouck5t@walmart.com,Female,168.93.204.26,2011,Chevrolet,Volt,190838655-X
211,Rosco,Mottley,rmottley5u@rambler.ru,Male,223.31.5.188,2011,Chevrolet,Equinox,362575843-1
212,Buddie,Pilsbury,bpilsbury5v@twitpic.com,Male,49.44.82.36,2006,Toyota,Tundra,777183357-8
213,Dee,Goretti,dgoretti5w@vimeo.com,Female,177.89.116.87,1996,Chevrolet,Lumina,704216605-1
214,Tate,Dockwray,tdockwray5x@so-net.ne.jp,Female,116.98.30.47,1991,Mercedes-Benz,SL-Class,534005678-3
215,Burke,Edinboro,bedinboro5y@skyrock.com,Male,109.71.45.116,2006,Maserati,Coupe,258917034-3
216,Danell,Lamberton,dlamberton5z@salon.com,Female,36.252.165.194,2007,Infiniti,QX56,515704996-X
217,Lucie,Offner,loffner60@bbc.co.uk,Female,121.105.94.47,2007,Toyota,TundraMax,656733077-5
218,Dom,Broadbridge,dbroadbridge61@technorati.com,Male,102.3.8.190,2008,Volkswagen,R32,609177203-1
219,Federica,Narey,fnarey62@usgs.gov,Female,233.215.91.126,1999,BMW,7 Series,936345164-X
220,Melvyn,Simka,msimka63@scribd.com,Male,157.172.240.56,2009,Bugatti,Veyron,554128391-4
221,Kendricks,Vassay,kvassay64@amazon.co.jp,Male,110.235.70.56,2001,Lincoln,Continental,727512427-0
222,Huntley,Ida,hida65@livejournal.com,Male,95.215.102.204,2012,Audi,A6,735157157-0
223,Beverlee,St. Aubyn,bstaubyn66@soup.io,Female,191.187.220.107,1988,Pontiac,Firebird,987528145-X
224,Hyacinthe,Ballaam,hballaam67@buzzfeed.com,Female,194.129.186.5,2002,Cadillac,Escalade,831944473-X
225,Tailor,McCurdy,tmccurdy68@bloglines.com,Male,42.161.243.53,2009,Chevrolet,Silverado 1500,802535231-5
226,Peg,Dasent,pdasent69@tripod.com,Female,199.106.152.223,2013,Mazda,Mazda6,968566505-2
227,Giffie,Gollard,ggollard6a@creativecommons.org,Male,168.201.213.63,1999,Mercury,Mountaineer,526940265-3
228,Harrison,Rideout,hrideout6b@thetimes.co.uk,Male,30.21.179.175,1995,Toyota,Land Cruiser,225812046-2
229,Tanney,Epine,tepine6c@clickbank.net,Male,9.191.231.17,1993,Mazda,Navajo,560932252-9
230,Stavro,Bredes,sbredes6d@posterous.com,Male,21.11.70.38,1974,CitroÃ«n,CX,188807951-7
231,Wallace,Wilcocks,wwilcocks6e@mac.com,Male,23.99.141.172,1998,Dodge,Stratus,527433043-6
232,Boycie,Brimilcombe,bbrimilcombe6f@alibaba.com,Male,17.19.113.193,2009,Land Rover,LR3,562414660-4
233,Aarika,Dyter,adyter6g@sohu.com,Female,237.88.213.107,2007,Lincoln,Navigator L,818224124-3
234,Chrisse,Revie,crevie6h@symantec.com,Male,75.183.255.95,2005,Mazda,MX-5,424307934-X
235,Claudie,Fareweather,cfareweather6i@sina.com.cn,Female,242.170.103.151,2003,Volvo,V40,725340032-1
236,Moina,Baudasso,mbaudasso6j@51.la,Female,7.100.174.197,1996,Dodge,Viper,491734637-1
237,Alexander,Charlin,acharlin6k@gizmodo.com,Male,186.221.185.86,1998,Chevrolet,Corvette,259355613-7
238,Dare,Roeby,droeby6l@cpanel.net,Male,37.100.24.61,2007,Ford,GT500,616092067-7
239,Dorena,Seldon,dseldon6m@statcounter.com,Female,240.144.226.96,2003,Chrysler,Sebring,008617177-1
240,Bethina,Burnet,bburnet6n@shop-pro.jp,Female,148.24.206.115,2009,Nissan,350Z,772432988-5
241,Jareb,Cowlishaw,jcowlishaw6o@instagram.com,Male,204.144.215.241,1999,Mercedes-Benz,CLK-Class,110520111-2
242,Melessa,Magnus,mmagnus6p@hud.gov,Female,204.241.206.173,2007,Nissan,350Z,388091846-5
243,Tarrance,Espine,tespine6q@tamu.edu,Male,96.46.164.134,2001,GMC,Sierra 2500,305030241-0
244,Alec,Mustin,amustin6r@nsw.gov.au,Male,199.89.154.74,1994,Dodge,Ram 3500,608414210-9
245,Virgie,Minillo,vminillo6s@diigo.com,Male,27.34.191.4,2010,Smart,Fortwo,804779932-0
246,Hatti,Dannatt,hdannatt6t@clickbank.net,Female,74.149.80.164,1967,Pontiac,Firebird,006757320-7
247,Ahmed,Kellie,akellie6u@time.com,Male,191.35.194.122,1999,Oldsmobile,Cutlass,211433369-8
248,Carmel,Manson,cmanson6v@pbs.org,Female,226.168.195.164,2003,Toyota,Echo,368891697-2
249,Denys,Stoyle,dstoyle6w@springer.com,Male,235.24.28.48,1987,Pontiac,Safari,831915967-9
250,Marion,Kuhnt,mkuhnt6x@jigsy.com,Female,20.139.53.170,1988,Pontiac,Turbo Firefly,032805992-7
251,Charleen,Wolfindale,cwolfindale6y@prlog.org,Female,37.221.249.82,1993,Infiniti,Q,355820322-4
252,Brigham,Boydle,bboydle6z@stumbleupon.com,Male,31.114.211.161,1994,Volkswagen,Golf III,878749545-7
253,Ellerey,Klasen,eklasen70@elpais.com,Male,194.121.177.28,2005,Cadillac,Escalade ESV,527385997-2
254,Dianna,MacKimm,dmackimm71@phoca.cz,Female,19.239.59.87,1998,Chevrolet,Astro,192899862-3
255,Wendall,Sherland,wsherland72@archive.org,Male,131.252.7.140,2004,Cadillac,Escalade EXT,891026878-6
256,Rosella,Bilsborrow,rbilsborrow73@surveymonkey.com,Female,31.88.138.243,2007,Volvo,V50,053662609-X
257,Rupert,Iskowitz,riskowitz74@businessweek.com,Male,51.62.129.84,2001,Honda,Prelude,075778294-9
258,Baxter,Sidary,bsidary75@dagondesign.com,Male,136.59.206.97,1966,Ford,Galaxie,999025540-7
259,Neville,Hirche,nhirche76@sakura.ne.jp,Male,159.104.74.80,2006,Land Rover,Discovery,637380260-4
260,Harp,Foulks,hfoulks77@microsoft.com,Male,115.130.145.141,2008,Chevrolet,Suburban,644353970-2
261,Barny,Dundon,bdundon78@cafepress.com,Male,149.224.105.232,1993,Mitsubishi,Truck,173172724-0
262,Reba,Sleep,rsleep79@lulu.com,Female,183.191.153.185,2009,Dodge,Ram 1500,242869222-4
263,Westbrooke,Preskett,wpreskett7a@dmoz.org,Male,162.92.39.238,1995,Honda,Civic,099652436-3
264,Rorke,Sheircliffe,rsheircliffe7b@berkeley.edu,Male,64.43.44.96,1997,Volkswagen,rio,747363556-5
265,Brannon,Cakebread,bcakebread7c@toplist.cz,Male,82.196.9.75,1989,Toyota,Truck Xtracab SR5,465125403-9
266,Dannye,Francino,dfrancino7d@studiopress.com,Female,215.128.150.210,1995,Mazda,RX-7,264449937-2
267,Malorie,Belverstone,mbelverstone7e@archive.org,Female,178.204.108.59,1989,Mercury,Sable,758349208-4
268,Jeffy,Derks,jderks7f@bbc.co.uk,Male,199.232.16.114,1999,Dodge,Ram 1500,894359605-7
269,Alejandro,Eacott,aeacott7g@bravesites.com,Male,101.231.120.140,2006,GMC,Sierra 3500HD,188813524-7
270,Sherman,Bysaker,sbysaker7h@1688.com,Male,22.89.3.118,1986,Mitsubishi,Truck,351864356-8
271,Ardine,Sweetsur,asweetsur7i@last.fm,Female,223.120.15.144,1997,Pontiac,Sunfire,266976116-X
272,Orville,Pollington,opollington7j@cnet.com,Male,45.118.155.93,1998,Ford,Contour,252245384-X
273,Tann,Feechan,tfeechan7k@japanpost.jp,Male,31.101.70.5,2008,Kia,Rondo,032871031-8
274,Perren,Huck,phuck7l@answers.com,Male,106.57.195.66,1999,Chevrolet,Suburban 1500,152865003-4
275,Rudiger,Elener,relener7m@blogspot.com,Male,39.207.127.76,2005,Buick,Century,914450474-8
276,Victoir,Seilmann,vseilmann7n@umich.edu,Male,232.36.181.200,1995,GMC,Rally Wagon G2500,193033433-8
277,Lancelot,Dalgliesh,ldalgliesh7o@acquirethisname.com,Male,184.103.81.160,1986,Volkswagen,Passat,855642017-6
278,Corine,Steels,csteels7p@irs.gov,Female,219.59.105.249,2007,Cadillac,XLR,550452965-4
279,Levey,Doole,ldoole7q@hud.gov,Male,41.82.15.32,2003,Mercury,Marauder,013127474-0
280,Blancha,Cochran,bcochran7r@github.com,Female,237.107.1.215,1985,Honda,Prelude,048845996-6
281,Jacklyn,Switzer,jswitzer7s@51.la,Female,73.0.170.12,2001,Mitsubishi,Galant,888972902-3
282,Konstantin,Sheffield,ksheffield7t@gmpg.org,Male,182.161.52.103,1986,Ford,LTD,964737525-5
283,Vaughan,Marsden,vmarsden7u@xing.com,Male,171.222.187.206,1992,Ford,Econoline E150,312661717-4
284,Brigida,Hassan,bhassan7v@squidoo.com,Female,29.35.138.107,2004,Mitsubishi,Challenger,849599736-3
285,Jordanna,Chatan,jchatan7w@dagondesign.com,Female,123.54.68.174,1995,Acura,Integra,414773027-2
286,Jourdain,Edgworth,jedgworth7x@sbwire.com,Male,113.169.120.29,2011,Hyundai,Veracruz,082506421-X
287,Ted,Jerche,tjerche7y@samsung.com,Male,228.69.23.36,1996,Chevrolet,Monte Carlo,475501595-2
288,Felipe,Cheeney,fcheeney7z@rambler.ru,Male,154.99.118.193,1989,Volkswagen,Jetta,872032571-1
289,Tracie,Jillis,tjillis80@tripod.com,Female,35.246.85.145,1991,Ford,Ranger,613727499-3
290,Aprilette,Callis,acallis81@t-online.de,Female,170.231.98.16,1989,Buick,LeSabre,548762311-2
291,Loria,Goodrum,lgoodrum82@tumblr.com,Female,228.3.194.77,1994,GMC,Jimmy,753616602-8
292,Brande,Huzzey,bhuzzey83@example.com,Female,63.144.226.185,1994,Oldsmobile,Achieva,851483904-7
293,Aron,Staples,astaples84@gravatar.com,Male,216.166.231.254,1992,Ford,Mustang,404213600-1
294,Sherlocke,Avrahamy,savrahamy85@go.com,Male,9.96.201.107,1993,Ford,F-Series,215419957-7
295,Arabele,Sexon,asexon86@netvibes.com,Female,61.199.220.227,2012,Dodge,Charger,737182316-8
296,Feliks,Applin,fapplin87@themeforest.net,Male,54.67.115.107,1998,Volkswagen,Golf,839635149-X
297,Philis,Snook,psnook88@admin.ch,Female,158.22.180.139,2008,Mazda,Mazda6,734441663-8
298,Paula,Etter,petter89@msu.edu,Female,186.96.19.18,2011,Chevrolet,Corvette,486778195-9
299,Humfried,Basilone,hbasilone8a@nymag.com,Male,11.205.204.88,2001,Ford,E-Series,518487254-X
300,Gilberto,Warrack,gwarrack8b@dropbox.com,Male,67.184.38.195,2001,Daewoo,Lanos,857503264-X
301,Brewer,Aujean,baujean8c@guardian.co.uk,Male,150.11.127.84,1992,GMC,Vandura 1500,334347771-0
302,Ibby,Bearne,ibearne8d@miitbeian.gov.cn,Female,126.107.64.161,2000,Dodge,Stratus,632959134-2
303,Cindra,Paaso,cpaaso8e@seattletimes.com,Female,216.88.28.2,2012,Ford,Fusion,603515524-3
304,Skippy,Merington,smerington8f@blinklist.com,Male,32.68.125.52,1993,Toyota,4Runner,607318891-9
305,Durant,Le Brum,dlebrum8g@tumblr.com,Male,230.239.90.72,2006,Mitsubishi,Lancer Evolution,325026521-7
306,Gerome,Meeron,gmeeron8h@mashable.com,Male,25.189.4.170,2007,Hyundai,Elantra,676904657-1
307,Zenia,Cawsey,zcawsey8i@google.es,Female,121.116.2.48,2003,Toyota,Highlander,061327814-3
308,Gaby,Pinard,gpinard8j@hostgator.com,Male,131.1.183.143,2000,Volkswagen,Cabriolet,684068924-7
309,Gennie,Perico,gperico8k@imageshack.us,Female,198.102.214.41,2007,Mitsubishi,Endeavor,524832300-2
310,Eula,Belliss,ebelliss8l@shareasale.com,Female,123.55.174.112,1988,Ford,Tempo,814352376-4
311,Diane,Gomer,dgomer8m@imgur.com,Female,25.145.78.57,2001,Cadillac,Catera,539246746-6
312,Haywood,Prince,hprince8n@php.net,Male,53.237.70.222,2003,Mercedes-Benz,E-Class,742328200-6
313,Jada,Meriguet,jmeriguet8o@devhub.com,Female,50.166.208.92,1990,Mitsubishi,Mirage,662011254-4
314,Nial,Parradice,nparradice8p@upenn.edu,Male,203.184.254.66,2008,Isuzu,Ascender,922409570-4
315,Husain,Brideaux,hbrideaux8q@ftc.gov,Male,48.94.139.52,1996,Toyota,T100,366683143-5
316,Quillan,Geraudel,qgeraudel8r@google.cn,Male,73.208.5.225,1994,Ford,Taurus,139577018-2
317,Kylie,Corroyer,kcorroyer8s@va.gov,Male,31.195.205.134,2011,Aston Martin,DBS,864798793-4
318,Emylee,Early,eearly8t@moonfruit.com,Female,159.141.195.6,2005,Ford,E350,219396911-6
319,Emmaline,Andres,eandres8u@ovh.net,Female,212.24.94.112,2010,Ford,E150,382757821-3
320,Calvin,Foddy,cfoddy8v@tuttocitta.it,Male,49.133.93.49,1997,Mercury,Villager,826512495-3
321,Otis,Sellek,osellek8w@about.com,Male,208.168.246.78,2011,Chevrolet,Equinox,867413404-1
322,Silvio,Dingwall,sdingwall8x@nytimes.com,Male,254.149.73.115,1992,Audi,Quattro,526791744-3
323,Boonie,Grigaut,bgrigaut8y@technorati.com,Male,222.175.196.229,1996,Acura,TL,890116606-2
324,Rabi,Haythorne,rhaythorne8z@hud.gov,Male,139.176.173.232,1992,Land Rover,Range Rover,138876288-9
325,Shaina,Josskovitz,sjosskovitz90@mashable.com,Female,174.237.18.64,2004,Isuzu,Ascender,381199633-9
326,Booth,Petris,bpetris91@wisc.edu,Male,133.22.206.201,2001,Dodge,Grand Caravan,155305999-9
327,Thaddus,Nehls,tnehls92@yellowpages.com,Male,200.190.31.37,2007,Chevrolet,Express 2500,368750286-4
328,Edithe,Ramelet,eramelet93@ucsd.edu,Female,48.240.208.83,1996,GMC,Safari,331265661-3
329,Wileen,Swainson,wswainson94@shinystat.com,Female,131.18.171.161,2002,Mazda,Protege5,320858618-3
330,Casie,Swaddle,cswaddle95@networkadvertising.org,Female,112.225.193.82,1990,Pontiac,Sunbird,958801301-1
331,Letty,Pentycross,lpentycross96@ft.com,Female,40.144.17.32,1994,Honda,Passport,712157929-4
332,Laurena,Seton,lseton97@hud.gov,Female,11.12.200.234,2009,Chrysler,Town & Country,520107163-5
333,Karlik,Askem,kaskem98@privacy.gov.au,Male,98.189.228.68,2003,Volkswagen,Touareg,878145861-4
334,Remus,Glaisner,rglaisner99@themeforest.net,Male,104.2.182.52,1997,Volkswagen,GTI,093193648-9
335,Lexi,Holdforth,lholdforth9a@ezinearticles.com,Female,234.246.247.32,1994,Mercury,Tracer,397413042-X
336,Bryna,Jillins,bjillins9b@umn.edu,Female,73.245.95.105,2012,Mercedes-Benz,SL-Class,253050055-X
337,Virge,Blandamere,vblandamere9c@google.co.uk,Male,106.177.105.202,2011,Acura,RDX,421130034-2
338,Fred,Origin,forigin9d@yellowbook.com,Male,19.164.136.51,2003,Chrysler,Sebring,615296707-4
339,Alaster,Sauniere,asauniere9e@paginegialle.it,Male,193.231.1.11,2006,Mazda,Mazda6 5-Door,601350147-5
340,Paddy,Ahlf,pahlf9f@usnews.com,Male,106.214.145.92,1993,Chevrolet,Camaro,168778532-5
341,Sayres,Kachel,skachel9g@furl.net,Male,116.192.109.135,1990,Lexus,ES,403461068-9
342,Hermon,Pretswell,hpretswell9h@usnews.com,Male,237.92.113.99,2003,Chrysler,Town & Country,482799197-9
343,Gary,Ambler,gambler9i@google.es,Male,50.46.25.132,2009,Nissan,Versa,848997972-3
344,Dana,Petzolt,dpetzolt9j@hp.com,Female,232.99.204.246,1998,BMW,M3,469928953-3
345,Clyve,Mullaly,cmullaly9k@noaa.gov,Male,94.147.242.174,2010,Lexus,IS F,229285684-0
346,Esma,Poll,epoll9l@geocities.jp,Female,3.6.186.246,2004,Lamborghini,Gallardo,066423337-6
347,Finn,Arkil,farkil9m@amazonaws.com,Male,180.59.14.24,1999,GMC,Envoy,112663976-1
348,Dimitri,MacKimm,dmackimm9n@zdnet.com,Male,15.194.111.52,1992,Mitsubishi,RVR,885404299-4
349,Freddie,McArt,fmcart9o@seattletimes.com,Male,98.92.105.122,2009,GMC,Sierra 3500,060934047-6
350,Ban,Bladon,bbladon9p@stumbleupon.com,Male,113.225.57.77,2006,Mercury,Mariner,546037997-0
351,Bayard,Drain,bdrain9q@smh.com.au,Male,21.54.224.199,2001,Honda,Civic,741380738-6
352,Harris,McKerton,hmckerton9r@unblog.fr,Male,100.1.168.13,2009,Aston Martin,DBS,556941536-X
353,Ameline,Tipton,atipton9s@nature.com,Female,109.248.100.141,1996,Jeep,Cherokee,477196930-2
354,Goran,Brixey,gbrixey9t@blinklist.com,Male,141.9.67.253,2009,Infiniti,G,037552720-6
355,Toby,Giblett,tgiblett9u@artisteer.com,Female,140.170.11.171,1991,Mercedes-Benz,S-Class,977856135-4
356,Gardener,Becaris,gbecaris9v@mapy.cz,Male,139.147.88.41,1996,Dodge,Viper,154911711-4
357,Philbert,Candey,pcandey9w@ucoz.ru,Male,207.245.91.146,1996,Toyota,Tacoma Xtra,029887363-X
358,Trisha,Ballaam,tballaam9x@drupal.org,Female,144.72.42.120,1998,Honda,Passport,849826054-X
359,Alex,Di Boldi,adiboldi9y@cmu.edu,Female,189.59.6.20,2008,Audi,S8,085618925-1
360,Aguistin,Limbrick,alimbrick9z@studiopress.com,Male,88.44.227.110,2000,Volvo,S70,784161335-0
361,Gretal,MacSkeagan,gmacskeagana0@dyndns.org,Female,252.10.22.118,1988,Mercedes-Benz,S-Class,196223684-6
362,Horton,Macconachy,hmacconachya1@ocn.ne.jp,Male,31.106.248.94,1989,Buick,Estate,209454597-0
363,Hildegarde,Spires,hspiresa2@unicef.org,Female,95.196.25.133,2008,Volkswagen,New Beetle,098322483-8
364,Angele,Erridge,aerridgea3@unicef.org,Female,35.152.220.224,1996,Jaguar,XJ Series,661567616-8
365,Demetris,McCole,dmccolea4@jiathis.com,Male,44.18.171.221,1999,Toyota,Solara,093260210-X
366,Alie,Hurdis,ahurdisa5@ezinearticles.com,Female,223.144.177.204,2008,Honda,S2000,000819044-5
367,Feliza,Feye,ffeyea6@pcworld.com,Female,25.53.154.238,1996,Mazda,B-Series,878732407-5
368,Kingsly,Zanneli,kzannelia7@rediff.com,Male,67.211.205.203,1993,Toyota,Xtra,661417602-1
369,Chevy,Levane,clevanea8@51.la,Male,188.136.159.136,1997,Chevrolet,3500,885057422-3
370,Billy,Birkinshaw,bbirkinshawa9@loc.gov,Female,206.173.50.63,1996,Suzuki,Sidekick,844498660-7
371,Rube,Berkley,rberkleyaa@moonfruit.com,Male,183.239.59.8,2001,Toyota,Echo,099766479-7
372,Reinaldo,Hanhart,rhanhartab@sbwire.com,Male,24.27.245.55,2011,Dodge,Journey,093601939-5
373,Chip,Wilkisson,cwilkissonac@ebay.co.uk,Male,82.204.206.223,2005,BMW,X5,970792668-6
374,Paulita,Subhan,psubhanad@vistaprint.com,Female,202.210.100.48,2003,Kia,Sedona,293005801-3
375,Dukey,Bilton,dbiltonae@theatlantic.com,Male,244.157.116.4,1990,Honda,Civic,224772681-X
376,Cornelius,Fancett,cfancettaf@cdc.gov,Male,230.171.186.153,2003,Chevrolet,TrailBlazer,313986093-5
377,Durant,Ayrton,dayrtonag@hugedomains.com,Male,107.111.179.159,2003,Mazda,B-Series Plus,478844508-5
378,Brocky,Breadmore,bbreadmoreah@wisc.edu,Male,107.34.121.47,2004,GMC,Yukon XL 1500,240740176-X
379,Elane,Lawrence,elawrenceai@cloudflare.com,Female,226.4.176.190,2010,GMC,Sierra,077825287-6
380,Gwendolen,Matous,gmatousaj@t-online.de,Female,183.34.67.244,1992,Oldsmobile,Silhouette,033982323-2
381,Arleyne,Van Bruggen,avanbruggenak@bloglines.com,Female,96.76.184.4,1994,Ford,Explorer,394652455-9
382,Glyn,Foard,gfoardal@phoca.cz,Male,239.191.147.58,1990,Mitsubishi,Mirage,904127235-6
383,Christoph,Bruck,cbruckam@marketwatch.com,Male,25.155.208.144,1993,Mercedes-Benz,300E,599445743-4
384,Clark,Triswell,ctriswellan@usda.gov,Male,253.144.128.203,1991,Land Rover,Range Rover,136082571-1
385,Valene,Golthorpp,vgolthorppao@wikia.com,Female,237.130.97.248,1989,Mazda,Familia,095089017-0
386,Bailey,Cawthry,bcawthryap@delicious.com,Male,1.97.46.25,2003,BMW,7 Series,251178524-2
387,Neil,Slayny,nslaynyaq@t.co,Male,14.78.139.235,1993,Pontiac,Grand Am,346655312-1
388,Tito,Wisbey,twisbeyar@latimes.com,Male,123.164.237.148,2005,Mitsubishi,Lancer,318604562-2
389,Napoleon,Willeman,nwillemanas@jugem.jp,Male,165.207.225.237,2004,Subaru,Baja,168005864-9
390,Timoteo,Thoresbie,tthoresbieat@addthis.com,Male,229.91.167.38,2010,Hyundai,Azera,572466454-2
391,Ilka,Brasher,ibrasherau@godaddy.com,Female,213.55.187.116,1997,Oldsmobile,Cutlass,609851777-0
392,Carolan,Rout,croutav@liveinternet.ru,Female,63.210.143.118,1993,Lexus,SC,222520907-3
393,Kinny,Rablin,krablinaw@wikispaces.com,Male,110.224.98.192,1995,Nissan,Maxima,035664747-1
394,Melisenda,Lillgard,mlillgardax@last.fm,Female,195.217.251.73,2003,Lexus,LX,301737860-8
395,Anabella,Upton,auptonay@yahoo.com,Female,4.154.26.184,1993,Mazda,MX-6,256722401-7
396,Abdul,Chaney,achaneyaz@linkedin.com,Male,96.75.13.116,1995,Lincoln,Town Car,203906612-8
397,Jim,Crimmins,jcrimminsb0@opensource.org,Male,79.245.18.137,2002,Volkswagen,Eurovan,430889308-9
398,Daphene,Chapellow,dchapellowb1@i2i.jp,Female,178.152.37.209,2011,Scion,xB,613310938-6
399,Marco,Sherratt,msherrattb2@flavors.me,Male,116.61.7.178,1985,Saab,900,909330762-2
400,Buck,Aronowitz,baronowitzb3@t-online.de,Male,77.10.140.1,2006,Hyundai,Sonata,394634565-4
401,Pierson,Masedon,pmasedonb4@geocities.com,Male,16.111.2.240,1984,Ford,Ranger,752467040-0
402,Bell,Lawley,blawleyb5@latimes.com,Female,140.232.10.73,2006,Mercury,Montego,161702903-3
403,Modestine,Kenwyn,mkenwynb6@geocities.com,Female,51.241.106.32,1997,Honda,Accord,906685341-7
404,Corabelle,Dutton,cduttonb7@skype.com,Female,89.247.62.44,1998,Pontiac,Sunfire,736124954-X
405,Ros,Ardern,rardernb8@yahoo.com,Female,127.55.47.119,1987,Audi,5000S,830634082-5
406,Garwood,McGuff,gmcguffb9@java.com,Male,199.156.196.141,1998,Dodge,Ram 2500 Club,863175844-2
407,Roseann,Meeks,rmeeksba@zimbio.com,Female,26.37.75.13,1992,Toyota,Tercel,528982557-6
408,Cassandry,Lortzing,clortzingbb@springer.com,Female,235.133.171.33,2003,Lotus,Esprit,100022432-5
409,Thurston,Wickham,twickhambc@examiner.com,Male,203.87.117.253,1989,Mercedes-Benz,W201,606389130-7
410,Sioux,Bedingfield,sbedingfieldbd@moonfruit.com,Female,51.173.32.31,1994,Mazda,323,867014967-2
411,Aggy,Sneezum,asneezumbe@apache.org,Female,155.172.56.55,2001,Hyundai,Santa Fe,930133951-X
412,Ross,Dauncey,rdaunceybf@slideshare.net,Male,150.27.137.190,2008,BMW,1 Series,057576894-0
413,Gilberto,Danilenko,gdanilenkobg@state.gov,Male,72.183.69.57,2001,Mercedes-Benz,M-Class,231477101-X
414,Mikey,Croasdale,mcroasdalebh@cornell.edu,Male,121.155.134.51,2006,Volvo,XC70,783749624-8
415,Zebadiah,Dmitrovic,zdmitrovicbi@desdev.cn,Male,86.240.24.218,1989,Pontiac,LeMans,295984673-7
416,Nesta,Tonkin,ntonkinbj@chron.com,Female,191.94.231.102,1992,Dodge,D250,868629912-1
417,Wolfgang,Sargeant,wsargeantbk@xinhuanet.com,Male,12.196.244.93,1992,Suzuki,Swift,923126967-4
418,Miles,MacKeogh,mmackeoghbl@infoseek.co.jp,Male,174.99.38.96,1999,Pontiac,Montana,391251742-8
419,Fulvia,Battle,fbattlebm@sogou.com,Female,140.169.92.0,1990,Mazda,RX-7,712843787-8
420,Donovan,Linde,dlindebn@sohu.com,Male,137.85.68.189,1995,GMC,2500 Club Coupe,670505915-X
421,Seamus,Harrod,sharrodbo@mozilla.org,Male,47.148.134.139,2008,Chrysler,PT Cruiser,034033300-6
422,Nedi,Besant,nbesantbp@about.com,Female,183.52.28.199,1991,Mazda,MX-6,868499576-7
423,Fred,Josskovitz,fjosskovitzbq@networksolutions.com,Female,39.23.132.231,2004,Honda,Civic,722641108-3
424,Kimmy,Kingscott,kkingscottbr@whitehouse.gov,Female,237.178.192.135,2006,Land Rover,LR3,563003392-1
425,Alyson,Stern,asternbs@geocities.com,Female,28.175.192.7,1995,Infiniti,J,430094307-9
426,Loralee,Coale,lcoalebt@aol.com,Female,209.83.220.146,2012,Ford,Focus,725121112-2
427,Edmund,Longhirst,elonghirstbu@seattletimes.com,Male,29.94.188.165,2006,Nissan,Altima,817886397-9
428,Ancell,Menere,amenerebv@netlog.com,Male,57.208.177.56,2007,Kia,Amanti,622322793-0
429,Jayne,Sauvain,jsauvainbw@bravesites.com,Female,155.213.153.165,2010,Scion,tC,983185183-8
430,Val,Klagges,vklaggesbx@storify.com,Male,187.215.59.235,1997,Suzuki,X-90,805926053-7
431,Madelle,Oswal,moswalby@guardian.co.uk,Female,17.170.23.198,1994,Dodge,Grand Caravan,498057704-0
432,Shelba,Bascomb,sbascombbz@so-net.ne.jp,Female,232.217.44.184,1992,Plymouth,Colt Vista,493877499-2
433,Mick,Iwanowski,miwanowskic0@gizmodo.com,Male,26.249.41.155,2000,Dodge,Ram Van 2500,853397184-2
434,Cord,Bows,cbowsc1@barnesandnoble.com,Male,127.219.73.228,1992,Honda,Prelude,833425039-8
435,Rice,Frise,rfrisec2@amazon.de,Male,221.100.179.98,1994,Nissan,Maxima,061299380-9
436,Nathalia,Cropp,ncroppc3@japanpost.jp,Female,58.225.250.88,1991,Audi,Coupe Quattro,932862519-X
437,Boonie,Basile,bbasilec4@netscape.com,Male,147.86.231.201,2005,Chevrolet,Aveo,038771824-9
438,Savina,Shervington,sshervingtonc5@wunderground.com,Female,39.136.151.78,2012,Aston Martin,V12 Vantage,480289144-X
439,Wilie,Pressland,wpresslandc6@sciencedirect.com,Female,240.137.26.210,2008,Bentley,Continental GT,535553033-8
440,Gerri,Patching,gpatchingc7@wix.com,Male,28.146.71.68,2011,Smart,Fortwo,696338805-9
441,Caesar,Elliman,cellimanc8@zimbio.com,Male,88.104.154.235,1984,Pontiac,Parisienne,697814379-0
442,Colas,Kloser,ckloserc9@desdev.cn,Male,117.228.117.114,1976,Toyota,Celica,009796236-8
443,Eartha,Manueli,emanuelica@nytimes.com,Female,134.191.59.125,1995,Ford,F150,114609881-2
444,Georgina,O'Carroll,gocarrollcb@guardian.co.uk,Female,201.226.105.138,1998,Volvo,C70,101274786-7
445,Berty,Tipper,btippercc@bluehost.com,Male,9.159.16.172,1991,Mercury,Capri,606183457-8
446,Marcelle,Murch,mmurchcd@narod.ru,Female,1.116.37.93,2000,Volkswagen,Jetta,034225072-8
447,Randee,Vedeshkin,rvedeshkince@typepad.com,Female,233.36.168.45,1993,Mercury,Villager,081570432-1
448,Wilmette,Avrahamy,wavrahamycf@uiuc.edu,Female,205.11.42.32,2004,Chrysler,Concorde,824886528-2
449,Ibbie,Tampin,itampincg@alibaba.com,Female,196.214.167.51,1998,Lexus,GS,581939094-6
450,Isobel,Wilkison,iwilkisonch@hubpages.com,Female,83.51.76.197,2003,Chevrolet,Malibu,735698007-X
451,Harper,Daborn,hdabornci@freewebs.com,Male,255.199.252.104,1993,Mercury,Tracer,372414469-5
452,Perry,Antonsson,pantonssoncj@flickr.com,Male,119.93.227.123,2012,Mercedes-Benz,SLK-Class,251952631-9
453,Jourdan,Gibb,jgibbck@unblog.fr,Female,48.54.12.173,2006,Audi,A6,316007782-9
454,Alexi,Danick,adanickcl@wikipedia.org,Female,235.116.97.117,2004,Volkswagen,R32,300764263-9
455,Nester,Lube,nlubecm@rambler.ru,Male,113.1.202.13,2009,Kia,Borrego,330594439-0
456,Jeffy,Bruckstein,jbrucksteincn@dailymotion.com,Male,108.131.207.33,1995,Land Rover,Range Rover,628370082-9
457,Staford,Daens,sdaensco@fastcompany.com,Male,231.155.128.210,2010,Volvo,XC60,753899096-8
458,Jozef,Kmicicki,jkmicickicp@npr.org,Male,221.185.187.32,1994,BMW,5 Series,735867240-2
459,Bette-ann,McCudden,bmccuddencq@nyu.edu,Female,12.0.131.43,1999,Dodge,Dakota,691101324-0
460,Olenolin,Aleso,oalesocr@walmart.com,Male,98.2.77.39,1999,Mercedes-Benz,M-Class,123288090-6
461,Shayne,Manifold,smanifoldcs@skype.com,Male,21.97.52.96,2008,BMW,5 Series,695312527-6
462,Egan,Note,enotect@xrea.com,Male,14.210.197.160,1999,Infiniti,Q,034834387-6
463,Ahmad,Murley,amurleycu@netlog.com,Male,1.255.161.221,2010,Ford,E150,225306989-2
464,Rurik,Ramble,rramblecv@admin.ch,Male,183.15.204.117,2002,Dodge,Stratus,997857314-3
465,Shell,Deerr,sdeerrcw@comcast.net,Male,141.234.206.244,1997,Acura,SLX,746245436-X
466,Maighdiln,Duffie,mduffiecx@51.la,Female,231.29.9.185,1996,Dodge,Caravan,386051666-3
467,Dru,Renshaw,drenshawcy@mashable.com,Female,67.86.216.49,2006,GMC,Savana Cargo Van,770059013-3
468,Bronny,MacCleod,bmaccleodcz@mayoclinic.com,Male,240.157.147.153,1990,Mitsubishi,Eclipse,244063369-0
469,Alyda,Miller,amillerd0@360.cn,Female,153.176.64.109,2011,Ford,E150,581765018-5
470,Arlen,Halworth,ahalworthd1@skype.com,Male,201.240.194.215,1992,GMC,Sonoma Club,047574142-0
471,Ransell,St. Ledger,rstledgerd2@google.nl,Male,100.122.251.230,2007,Mazda,Mazda3,467071403-1
472,Hillyer,Millyard,hmillyardd3@nydailynews.com,Male,25.11.155.74,1991,Mitsubishi,Truck,291435996-9
473,Hollyanne,Pepperell,hpepperelld4@cocolog-nifty.com,Female,58.154.222.96,1993,BMW,5 Series,607155404-7
474,Woody,Girkin,wgirkind5@cnet.com,Male,7.133.119.226,1990,Mazda,RX-7,290605493-3
475,Perle,Latch,platchd6@dot.gov,Female,215.251.243.23,2003,Mercedes-Benz,SLK-Class,650760178-0
476,Ly,Riddiough,lriddioughd7@ebay.co.uk,Male,113.213.40.143,1991,Ford,Escort,572352064-4
477,Tanny,Wivell,twivelld8@freewebs.com,Male,177.90.221.20,1985,Pontiac,Bonneville,711342847-9
478,Emlynn,Prestner,eprestnerd9@dailymotion.com,Female,87.82.230.108,2007,Infiniti,M,773639134-3
479,Johnathon,Muscroft,jmuscroftda@archive.org,Male,57.177.120.190,2003,BMW,760,737886298-3
480,Kessiah,Dashkovich,kdashkovichdb@constantcontact.com,Female,225.182.242.51,2006,Jeep,Commander,034250647-1
481,Klara,Marcoolyn,kmarcoolyndc@unesco.org,Female,179.123.95.178,1994,Volkswagen,Golf III,342674124-5
482,Petey,Andrichak,pandrichakdd@techcrunch.com,Male,30.111.205.129,1992,Cadillac,Fleetwood,990014201-2
483,Devlin,Chevalier,dchevalierde@drupal.org,Male,6.77.229.51,1989,Pontiac,Sunbird,003368644-0
484,Prudi,Jaycocks,pjaycocksdf@shareasale.com,Female,151.78.232.190,2011,Chevrolet,Silverado 3500,891869286-2
485,Vevay,Arboine,varboinedg@edublogs.org,Female,214.130.39.23,2005,Kia,Amanti,245380915-6
486,Raoul,Playfair,rplayfairdh@reddit.com,Male,232.22.109.194,2012,Acura,TL,571332651-9
487,Meredith,Venton,mventondi@umich.edu,Male,15.35.30.225,2007,Toyota,Land Cruiser,189627462-5
488,Bar,Izakoff,bizakoffdj@hostgator.com,Male,15.202.224.80,2000,Suzuki,Swift,824792627-X
489,Robbyn,McInnes,rmcinnesdk@alibaba.com,Female,175.35.148.107,2009,BMW,5 Series,779954958-0
490,Berk,Ranaghan,branaghandl@bbb.org,Male,65.39.201.87,2010,Ford,Explorer,296791184-4
491,Julissa,Greger,jgregerdm@dedecms.com,Female,241.137.154.133,2002,GMC,Sierra 3500,013557325-4
492,Annamaria,Bothwell,abothwelldn@g.co,Female,244.168.232.208,1988,Mazda,929,390383980-9
493,Shannan,Mcsarry,smcsarrydo@sitemeter.com,Male,229.118.7.101,1998,Dodge,Ram 1500 Club,908458197-0
494,Livvy,McShirie,lmcshiriedp@bloglovin.com,Female,234.200.108.183,1986,Buick,LeSabre,132881584-6
495,Kareem,Bawle,kbawledq@house.gov,Male,198.160.116.18,1990,Ford,Aerostar,659289720-1
496,Joshua,Dobbing,jdobbingdr@google.es,Male,144.53.26.10,2008,Infiniti,QX,622811618-5
497,Bonni,Grelak,bgrelakds@yahoo.com,Female,150.10.53.138,1989,Mazda,929,701445630-X
498,Roscoe,Goulborn,rgoulborndt@topsy.com,Male,218.98.35.72,2000,Chevrolet,3500,538977398-5
499,Celie,McNay,cmcnaydu@amazon.de,Female,238.94.112.207,2006,Mercedes-Benz,M-Class,368544794-7
500,Rees,Brymham,rbrymhamdv@youku.com,Male,108.71.134.206,1996,Honda,Civic,240219430-8
501,Raine,Snarr,rsnarrdw@storify.com,Female,107.44.172.76,1987,Porsche,928,418415941-9
502,Beltran,MacMickan,bmacmickandx@washingtonpost.com,Male,183.214.58.59,2005,Toyota,Camry,079484997-0
503,Clive,Olander,colanderdy@opera.com,Male,114.60.135.137,2001,Ford,ZX2,493239943-X
504,Stanwood,Schermick,sschermickdz@scribd.com,Male,108.217.91.119,2010,Ford,Focus,739468642-6
505,Martino,Myrtle,mmyrtlee0@altervista.org,Male,74.14.54.90,2006,Ford,Taurus,564154013-7
506,Harwell,Hickin,hhickine1@live.com,Male,235.183.136.91,2008,Honda,Civic,500620879-1
507,Carlyn,Jenteau,cjenteaue2@tmall.com,Female,163.149.93.124,2003,Chevrolet,Blazer,432076684-9
508,Erminie,Heart,ehearte3@fema.gov,Female,98.66.178.0,2003,Volkswagen,Golf,972514640-9
509,Ali,Perello,aperelloe4@ted.com,Male,227.176.161.70,1993,Chevrolet,Corsica,858804013-1
510,Damien,Locksley,dlocksleye5@huffingtonpost.com,Male,157.97.22.36,1996,Nissan,Sentra,677316750-7
511,Paulie,Dellenbrok,pdellenbroke6@smh.com.au,Female,29.169.175.42,1997,Chevrolet,Blazer,943826540-6
512,Livia,Portis,lportise7@auda.org.au,Female,4.7.72.222,1995,Ford,Taurus,844049078-X
513,Onofredo,Coniam,oconiame8@is.gd,Male,154.150.81.67,2010,Lotus,Evora,996276835-7
514,Jacklin,Serrell,jserrelle9@princeton.edu,Female,252.168.89.8,2010,Volkswagen,New Beetle,083993227-8
515,Lindsey,Polye,lpolyeea@ftc.gov,Male,71.93.117.192,2005,Acura,RSX,698748606-9
516,Rutger,Dellenbrook,rdellenbrookeb@i2i.jp,Male,217.238.186.148,2006,Toyota,Prius,917102686-X
517,Flemming,Vannoni,fvannoniec@ftc.gov,Male,239.231.143.212,2008,GMC,Sierra 3500,640727413-3
518,Debra,Annatt,dannatted@xrea.com,Female,225.98.32.254,1999,Lexus,RX,323834342-4
519,Konstantine,Dirand,kdirandee@mashable.com,Male,128.159.56.32,2007,Lincoln,Mark LT,642675637-7
520,Valeria,Clapshaw,vclapshawef@bluehost.com,Female,166.211.104.34,2011,Lincoln,Navigator,707125739-6
521,Ely,Playford,eplayfordeg@cam.ac.uk,Male,233.200.58.219,2007,GMC,Sierra,256684314-7
522,Edeline,Cawood,ecawoodeh@abc.net.au,Female,40.73.201.124,2004,Acura,TSX,232704953-9
523,Elysha,Robbs,erobbsei@telegraph.co.uk,Female,51.227.174.254,2009,Chevrolet,Silverado,975406785-6
524,Jedd,Poulsum,jpoulsumej@sbwire.com,Male,162.171.192.16,2001,Ford,F150,963788015-1
525,Edik,Chatin,echatinek@msu.edu,Male,88.74.87.51,1954,Chevrolet,Corvette,992763159-6
526,Cindee,Jouhning,cjouhningel@sohu.com,Female,240.196.84.21,2004,MINI,Cooper,638371753-7
527,Celie,Grimsley,cgrimsleyem@bandcamp.com,Female,54.167.45.212,1993,Jeep,Grand Cherokee,885574642-1
528,Nanon,Eadmeads,neadmeadsen@nba.com,Female,70.191.44.246,2000,Mitsubishi,Diamante,332895424-4
529,Rowena,Lowensohn,rlowensohneo@github.io,Female,227.230.190.118,2004,Honda,CR-V,289091862-9
530,Gretta,Bunstone,gbunstoneep@amazonaws.com,Female,251.219.6.98,2009,Aston Martin,Vantage,362416600-X
531,Alwyn,Lynds,alyndseq@samsung.com,Male,22.150.120.3,2007,Hyundai,Tucson,824753973-X
532,Peyter,Murley,pmurleyer@i2i.jp,Male,21.72.14.186,1991,Volkswagen,Corrado,919234614-6
533,Ilario,Iddison,iiddisones@yellowbook.com,Male,22.169.64.82,2007,Dodge,Magnum,120165216-2
534,Woodman,Deschlein,wdeschleinet@ibm.com,Male,200.189.181.246,2003,Isuzu,Rodeo,349715985-9
535,Dougie,Wassell,dwasselleu@comcast.net,Male,189.79.134.245,1987,Audi,5000S,233312723-6
536,Charmian,Zipsell,czipsellev@hugedomains.com,Female,121.35.232.154,2003,Maybach,62,542728598-9
537,Ethelred,Devenny,edevennyew@hostgator.com,Male,57.226.42.165,2011,Audi,Q5,549728985-1
538,Sheilah,Cotherill,scotherillex@liveinternet.ru,Female,67.14.29.232,1984,Ford,Ranger,623474281-5
539,Kendell,Rey,kreyey@free.fr,Male,125.197.35.146,2007,Ford,F250,092213814-1
540,Vin,Hamil,vhamilez@statcounter.com,Female,3.238.205.16,2011,Ford,Flex,494185168-4
541,Ulrike,Mungin,umunginf0@diigo.com,Female,179.20.66.212,1997,Nissan,Altima,448803430-6
542,Shannen,Schole,sscholef1@cmu.edu,Female,189.179.124.247,2005,Chrysler,300,444987788-8
543,Krishna,Waumsley,kwaumsleyf2@google.co.jp,Male,121.142.176.146,2001,Volvo,V70,851970917-6
544,Elia,McTrustey,emctrusteyf3@creativecommons.org,Male,137.82.45.24,1999,Pontiac,Bonneville,965334803-5
545,Biron,Mielnik,bmielnikf4@sitemeter.com,Male,88.156.195.12,2006,Infiniti,G,860716076-1
546,Dorolisa,Hogbourne,dhogbournef5@archive.org,Female,63.226.224.64,1993,Mazda,Protege,422138437-9
547,Kasper,Margaret,kmargaretf6@wunderground.com,Male,20.46.157.129,1986,Pontiac,Sunbird,634623668-7
548,Dorolice,Fraine,dfrainef7@wikia.com,Female,136.248.131.217,2005,Ford,Expedition,949870726-X
549,Roseline,Cristoforo,rcristoforof8@wufoo.com,Female,25.23.107.214,2012,Jeep,Liberty,273376474-8
550,Finley,Skokoe,fskokoef9@uol.com.br,Male,229.80.49.130,1988,Mitsubishi,L300,859929833-X
551,Gayle,Gentric,ggentricfa@stumbleupon.com,Male,14.165.160.15,2006,Chevrolet,HHR,671997323-1
552,Conrado,Brantl,cbrantlfb@vimeo.com,Male,150.138.106.22,2006,BMW,X5,816618111-8
553,Starlene,Naismith,snaismithfc@mayoclinic.com,Female,161.168.198.192,1997,Mitsubishi,Pajero,717064309-X
554,Issiah,Leward,ilewardfd@360.cn,Male,46.202.147.13,2008,Lexus,LX,228536152-1
555,Elfie,Wilfinger,ewilfingerfe@usnews.com,Female,245.242.10.231,2007,Suzuki,Aerio,467302544-X
556,Shelbi,Wellbank,swellbankff@webs.com,Female,19.145.44.94,2009,Mazda,MX-5,650238911-2
557,Victor,Janicijevic,vjanicijevicfg@elpais.com,Male,76.252.161.211,1994,Mitsubishi,Galant,753781423-6
558,Park,Jesty,pjestyfh@noaa.gov,Male,126.252.135.198,2009,Bentley,Arnage,921423031-5
559,Barrie,MacAlinden,bmacalindenfi@google.nl,Male,106.141.115.124,1976,Volkswagen,Golf,070715796-X
560,Garald,Dudin,gdudinfj@jiathis.com,Male,218.134.107.53,2003,Volvo,XC90,619539077-1
561,Lory,Tosh,ltoshfk@prweb.com,Female,203.254.98.19,1993,Geo,Storm,734364344-4
562,Bridget,Shall,bshallfl@goodreads.com,Female,63.36.122.14,1996,Chevrolet,Impala,343761767-2
563,Wilfred,Naul,wnaulfm@independent.co.uk,Male,255.105.7.240,2000,Acura,NSX,522518648-3
564,Alverta,Clinkard,aclinkardfn@de.vu,Female,237.106.132.80,1993,Chevrolet,2500,244551077-5
565,Stephan,Truin,struinfo@accuweather.com,Male,226.198.188.69,2004,Chrysler,PT Cruiser,356002626-1
566,Sadye,Wickling,swicklingfp@latimes.com,Female,144.51.204.52,1978,Chevrolet,Camaro,319674094-3
567,Welsh,Maypole,wmaypolefq@mashable.com,Male,243.189.191.15,1992,Nissan,NX,094019640-9
568,Daisy,Kelk,dkelkfr@ifeng.com,Female,27.54.69.91,2000,Cadillac,DeVille,718167209-6
569,Aurora,Keattch,akeattchfs@cbc.ca,Female,1.17.239.48,1993,Mercury,Sable,962858231-3
570,Tomlin,Symms,tsymmsft@ning.com,Male,252.21.180.190,2011,Chevrolet,Malibu,945076495-6
571,Tonnie,Minithorpe,tminithorpefu@studiopress.com,Male,106.51.218.194,2003,Mitsubishi,Diamante,624841014-3
572,Clary,Santhouse,csanthousefv@woothemes.com,Female,62.227.110.133,2007,Cadillac,Escalade ESV,684292730-7
573,Maybelle,Janodet,mjanodetfw@ucsd.edu,Female,97.192.210.161,1998,Chevrolet,G-Series 1500,770128141-X
574,Justinian,Pipworth,jpipworthfx@creativecommons.org,Male,130.222.157.17,1994,Plymouth,Colt,685183457-X
575,Osborne,Arson,oarsonfy@friendfeed.com,Male,163.139.31.221,2003,Mercedes-Benz,SL-Class,028390979-X
576,Bailie,Marley,bmarleyfz@a8.net,Male,93.70.188.136,1999,Toyota,Land Cruiser,202222034-X
577,Sonia,de Clerq,sdeclerqg0@sbwire.com,Female,97.144.209.7,1985,Pontiac,Bonneville,982419666-8
578,Fraser,Tander,ftanderg1@vinaora.com,Male,90.226.159.56,2011,BMW,X6 M,134473836-2
579,Ofelia,La Padula,olapadulag2@mac.com,Female,68.99.112.156,1994,Volvo,960,465313493-6
580,Kitty,Stanlack,kstanlackg3@hostgator.com,Female,50.42.206.164,2004,BMW,7 Series,598989738-3
581,Millie,Philimore,mphilimoreg4@icq.com,Female,92.95.199.86,1984,Volkswagen,Jetta,285988247-2
582,Karrah,Bratchell,kbratchellg5@g.co,Female,126.234.144.59,2009,Lincoln,MKS,205393594-4
583,Lynnelle,Gardner,lgardnerg6@usa.gov,Female,53.218.104.192,1987,Audi,5000S,395778100-0
584,Torrence,Hedden,theddeng7@usda.gov,Male,15.25.17.27,2011,Lexus,RX,301628812-5
585,Hugh,Eastcourt,heastcourtg8@patch.com,Male,84.130.27.49,1993,Mazda,RX-7,422199280-8
586,Obediah,Salliere,osalliereg9@bloglines.com,Male,206.133.254.205,1997,Volvo,S90,801614689-9
587,Jarad,Brunon,jbrunonga@epa.gov,Male,16.222.246.21,2000,Dodge,Grand Caravan,778699211-1
588,Ondrea,Whitelock,owhitelockgb@nymag.com,Female,22.190.186.179,1995,BMW,M3,860562466-3
589,Inga,Ritchard,iritchardgc@fda.gov,Female,224.164.252.167,1996,Isuzu,Hombre,178536388-3
590,Tressa,Colcutt,tcolcuttgd@1688.com,Female,141.82.5.66,2003,Chevrolet,TrailBlazer,740924365-1
591,Fabian,Kill,fkillge@histats.com,Male,214.213.35.73,1994,Chevrolet,Camaro,322344039-9
592,Tildy,Saul,tsaulgf@ehow.com,Female,33.151.72.27,1993,Chevrolet,Astro,810078738-7
593,Maurine,Paddell,mpaddellgg@addtoany.com,Female,24.0.162.177,2008,Saturn,Sky,288714391-3
594,Danna,Troth,dtrothgh@bigcartel.com,Female,148.211.188.40,2000,Lexus,ES,216272404-9
595,Rudolf,Rittelmeyer,rrittelmeyergi@tmall.com,Male,70.108.192.206,2011,Ford,Expedition,762011798-9
596,Nedda,Boots,nbootsgj@studiopress.com,Female,64.113.51.217,1996,Dodge,Grand Caravan,222014003-2
597,Devondra,Wooller,dwoollergk@unblog.fr,Female,79.178.68.57,1999,Mercedes-Benz,M-Class,800730659-5
598,Lin,Broadberry,lbroadberrygl@nature.com,Female,117.94.121.0,1996,Chevrolet,Sportvan G30,410813149-5
599,Gaile,Niezen,gniezengm@gizmodo.com,Male,218.111.36.250,1987,Pontiac,Safari,877497273-1
600,Ingelbert,Hugenin,ihugeningn@homestead.com,Male,0.56.254.97,1999,Toyota,Tacoma,137604851-5
601,Verena,Wyldish,vwyldishgo@bravesites.com,Female,133.60.108.201,2005,Mazda,Miata MX-5,694918505-7
602,Heddi,Conring,hconringgp@paginegialle.it,Female,10.182.49.164,2008,Dodge,Viper,270298446-0
603,Felita,Brundill,fbrundillgq@alexa.com,Female,200.187.63.226,2005,Mercedes-Benz,CLK-Class,451396720-X
604,Jane,Bowes,jbowesgr@hubpages.com,Female,212.137.113.37,2008,Saturn,VUE,371707914-X
605,Ailene,Heinsius,aheinsiusgs@examiner.com,Female,186.227.18.37,1995,Lotus,Esprit,830835849-7
606,Stacee,Patershall,spatershallgt@themeforest.net,Female,162.81.255.77,2005,Suzuki,Grand Vitara,687194070-7
607,Ware,Buckbee,wbuckbeegu@va.gov,Male,24.108.74.121,1992,Volkswagen,Corrado,602227281-5
608,Susanetta,De Goey,sdegoeygv@topsy.com,Female,251.234.102.171,1991,Land Rover,Sterling,315580739-3
609,Whitney,Tapenden,wtapendengw@ucoz.com,Female,103.239.72.220,1999,Dodge,Grand Caravan,944295405-9
610,Bayard,Castilljo,bcastilljogx@army.mil,Male,123.84.14.78,2008,Jeep,Grand Cherokee,897884417-0
611,Bartholemy,Wilford,bwilfordgy@msu.edu,Male,80.144.14.22,2007,Acura,RDX,682422487-1
612,Percy,Allwood,pallwoodgz@tamu.edu,Male,83.122.98.32,2007,Lincoln,MKX,351286894-0
613,Lucita,Harlowe,lharloweh0@netscape.com,Female,18.208.139.14,1991,Mercedes-Benz,W201,557630878-6
614,Shell,Burgan,sburganh1@merriam-webster.com,Female,106.104.238.14,1996,GMC,3500,915242873-7
615,Ronica,Leffek,rleffekh2@infoseek.co.jp,Female,1.51.185.187,1997,Chrysler,Concorde,807077321-9
616,Francisco,Gunthorpe,fgunthorpeh3@elegantthemes.com,Male,15.221.61.238,1948,CitroÃ«n,2CV,162024950-2
617,Judah,Zealey,jzealeyh4@wufoo.com,Male,184.244.70.117,1989,Saab,900,696868150-1
618,Janene,Pollak,jpollakh5@vk.com,Female,252.185.183.121,2010,Toyota,Tacoma,450819398-6
619,Breanne,Rickert,brickerth6@unc.edu,Female,131.185.152.30,2006,Honda,Civic Si,681055272-3
620,Ricca,Badcock,rbadcockh7@networkadvertising.org,Female,77.134.61.220,2008,Kia,Carens,700852892-2
621,Hannah,Gildersleaves,hgildersleavesh8@ezinearticles.com,Female,248.95.100.187,2002,Mitsubishi,Pajero,789996769-4
622,Cobbie,Tadlow,ctadlowh9@wufoo.com,Male,175.64.223.4,1992,Chrysler,Fifth Ave,806920293-9
623,Ambrose,Woolveridge,awoolveridgeha@sphinn.com,Male,150.92.224.44,2006,Buick,LaCrosse,832446147-7
624,Shelba,Blenkiron,sblenkironhb@cpanel.net,Female,173.100.236.221,1992,Oldsmobile,98,750113997-0
625,Carrol,Deevey,cdeeveyhc@bluehost.com,Male,78.133.127.213,2006,Honda,Pilot,620226369-5
626,Anjela,Pierrepont,apierreponthd@typepad.com,Female,197.64.110.241,1998,Dodge,Dakota Club,329692575-9
627,Ninette,Redington,nredingtonhe@vkontakte.ru,Female,241.47.68.215,1988,Buick,Riviera,183017210-7
628,Franklin,Cucuzza,fcucuzzahf@geocities.com,Male,69.96.235.45,1995,Chevrolet,K5 Blazer,385262851-2
629,Quintilla,Mohamed,qmohamedhg@sogou.com,Female,75.94.17.191,1999,Hyundai,Accent,789842682-7
630,Aeriela,Plunkett,aplunketthh@dagondesign.com,Female,205.224.254.221,2002,Buick,Regal,574576603-4
631,Hiram,Godbolt,hgodbolthi@squidoo.com,Male,121.191.184.247,1996,Kia,Sportage,180700453-8
632,Emiline,Kidds,ekiddshj@tumblr.com,Female,233.93.15.239,2005,Ford,Taurus,446173354-8
633,Sutherland,Dyshart,sdysharthk@topsy.com,Male,212.124.168.1,2000,Dodge,Ram Van 1500,731598625-1
634,Hakim,Swabey,hswabeyhl@delicious.com,Male,75.175.12.158,2010,Saturn,VUE,004171397-4
635,Judas,Relton,jreltonhm@cargocollective.com,Male,242.38.180.31,2002,Dodge,Durango,226847144-6
636,Markus,MacGinlay,mmacginlayhn@skype.com,Male,105.187.100.186,1970,Ford,Mustang,872214505-2
637,Benetta,Hain,bhainho@eventbrite.com,Female,255.49.48.215,2001,Chevrolet,Camaro,688578410-9
638,Fergus,Savin,fsavinhp@parallels.com,Male,185.217.160.202,2006,Volkswagen,Passat,162369766-2
639,Isidora,Beardsall,ibeardsallhq@businessinsider.com,Female,38.90.189.134,2001,Mitsubishi,Lancer,543303568-9
640,Vaclav,Sadgrove,vsadgrovehr@auda.org.au,Male,26.151.93.35,2012,BMW,7 Series,891693799-X
641,Abran,Gillet,agilleths@sina.com.cn,Male,121.189.106.177,1998,Saturn,S-Series,727396822-6
642,Juli,Garoghan,jgaroghanht@php.net,Female,253.90.181.223,1995,Saab,9000,270554125-X
643,Cyrus,Stoakes,cstoakeshu@discuz.net,Male,163.191.154.21,2003,Saturn,Ion,915163695-6
644,Dillie,Bezant,dbezanthv@g.co,Male,248.116.212.144,1985,Chevrolet,Camaro,531714286-5
645,Dre,Grise,dgrisehw@imageshack.us,Female,223.79.122.146,1994,Mercedes-Benz,C-Class,488055759-5
646,Mikael,Oakland,moaklandhx@webs.com,Male,62.139.189.128,1988,Ford,Tempo,891260496-1
647,Tasha,Middas,tmiddashy@bandcamp.com,Female,37.113.248.20,2004,Toyota,Land Cruiser,472879760-0
648,Matthias,Jenson,mjensonhz@live.com,Male,19.24.227.80,1994,Chevrolet,S10 Blazer,643860868-8
649,Nicoline,Calabry,ncalabryi0@acquirethisname.com,Female,174.106.243.141,2003,Mazda,Miata MX-5,775088424-6
650,Ingeborg,Beales,ibealesi1@is.gd,Female,17.253.207.169,2003,Toyota,MR2,951939095-2
651,Griffith,Pilbeam,gpilbeami2@biblegateway.com,Male,208.117.207.150,2001,Pontiac,Aztek,933276330-5
652,Rupert,Brittle,rbrittlei3@hhs.gov,Male,202.90.11.40,1998,Hyundai,Sonata,672233620-4
653,Francis,Veregan,fveregani4@cpanel.net,Male,187.19.249.39,2005,Chrysler,PT Cruiser,480990467-9
654,Bernardo,Berndt,bberndti5@ow.ly,Male,240.240.173.11,2006,GMC,Savana 2500,426189009-7
655,Gerry,Harnott,gharnotti6@senate.gov,Male,46.0.121.6,1991,Buick,Park Avenue,132557882-7
656,Royall,Ravenshear,rravensheari7@zdnet.com,Male,150.178.144.50,1998,Isuzu,Rodeo,286261707-5
657,Penelope,Harpin,pharpini8@prlog.org,Female,13.185.233.74,1992,Mitsubishi,Diamante,244212817-9
658,Rabbi,Kilmister,rkilmisteri9@bluehost.com,Male,79.2.82.135,1995,Mercedes-Benz,S-Class,775996072-7
659,Benji,Matten,bmattenia@usda.gov,Male,114.58.27.144,1997,GMC,Suburban 2500,099306957-6
660,Culver,Tuffell,ctuffellib@networksolutions.com,Male,71.241.117.106,2007,Suzuki,Reno,734720419-4
661,Urbain,McArdle,umcardleic@geocities.com,Male,181.5.224.42,1966,Ford,Fairlane,201228936-3
662,Dasi,Connock,dconnockid@geocities.com,Female,95.28.99.62,2008,Maserati,Quattroporte,223395948-5
663,Ailina,Laity,alaityie@wikimedia.org,Female,105.45.37.11,2007,Dodge,Ram 1500,860945526-2
664,Harmonie,Fogarty,hfogartyif@amazon.de,Female,47.164.148.241,1993,Chrysler,Fifth Ave,461199637-9
665,Ellerey,Shewry,eshewryig@npr.org,Male,138.160.108.69,2007,Hyundai,Accent,430234134-3
666,Brittney,Mordey,bmordeyih@ovh.net,Female,75.144.102.2,2003,Ford,E350,950303882-0
667,Raquela,Morshead,rmorsheadii@adobe.com,Female,12.63.253.125,2003,Toyota,Echo,281837059-0
668,Hermine,Glen,hglenij@si.edu,Female,242.110.112.239,1985,Audi,5000S,134638540-8
669,Jeth,Sang,jsangik@digg.com,Male,28.53.160.218,2005,Toyota,Avalon,539827900-9
670,Courtenay,Kondratowicz,ckondratowiczil@sakura.ne.jp,Female,74.126.213.99,1998,Infiniti,Q,279176248-5
671,Siegfried,Dasent,sdasentim@squidoo.com,Male,246.123.226.11,2000,Ford,Explorer Sport Trac,518100745-7
672,Maurizio,Baron,mbaronin@canalblog.com,Male,200.196.102.33,2000,Toyota,4Runner,095684672-6
673,Jim,Klimsch,jklimschio@studiopress.com,Male,140.212.239.149,2010,Audi,Q7,528231139-9
674,Doris,Caughte,dcaughteip@nhs.uk,Female,155.110.223.32,1967,Ford,Country,410028741-0
675,Mallorie,Readhead,mreadheadiq@sitemeter.com,Female,105.239.211.72,2004,Land Rover,Range Rover,741309865-2
676,Angy,Killock,akillockir@sitemeter.com,Female,63.109.194.212,1992,Chrysler,Town & Country,259959066-3
677,Dora,McCarty,dmccartyis@topsy.com,Female,134.127.217.158,2009,Toyota,Venza,976109838-9
678,Yvor,Zoren,yzorenit@nydailynews.com,Male,188.96.186.175,1992,Volvo,940,164625768-5
679,Merrili,Trevaskis,mtrevaskisiu@posterous.com,Female,20.177.184.70,2010,Jeep,Grand Cherokee,342482098-9
680,Waylan,Balazin,wbalaziniv@friendfeed.com,Male,196.18.140.231,1999,Chevrolet,Silverado 2500,205434330-7
681,Asa,Zucker,azuckeriw@sourceforge.net,Male,239.88.119.74,2011,Honda,Accord,274647954-0
682,Stefanie,O'Sesnane,sosesnaneix@time.com,Female,254.52.26.18,2001,Dodge,Ram Van 3500,386182143-5
683,Laryssa,Davidou,ldavidouiy@comsenz.com,Female,255.5.133.237,2009,Scion,xD,044480830-2
684,Stormi,Geaves,sgeavesiz@google.fr,Female,197.139.95.11,1993,Plymouth,Laser,680078060-X
685,Any,Thresher,athresherj0@toplist.cz,Male,201.110.10.211,1994,Buick,Park Avenue,901011300-0
686,Collin,Buddock,cbuddockj1@vimeo.com,Male,72.218.156.18,2010,Maybach,57,192134805-4
687,Vincents,Meiningen,vmeiningenj2@bbc.co.uk,Male,164.208.119.189,1996,Chevrolet,1500,753630926-0
688,Mateo,Pridmore,mpridmorej3@gov.uk,Male,244.233.250.59,1986,Honda,Accord,257371318-0
689,Rich,Etteridge,retteridgej4@cloudflare.com,Male,61.88.99.143,1988,Pontiac,Fiero,501698336-4
690,Gerianna,de Pinna,gdepinnaj5@chron.com,Female,90.188.201.84,2006,Buick,Terraza,318230950-1
691,Selestina,Coenraets,scoenraetsj6@mapy.cz,Female,21.111.196.217,2008,Maybach,62,308306724-0
692,Lyn,Hickinbottom,lhickinbottomj7@fc2.com,Male,136.53.195.187,2003,Chevrolet,Tracker,133465780-7
693,Skell,Cordery,scorderyj8@usgs.gov,Male,214.5.170.85,1995,Dodge,Dakota Club,992457838-4
694,Ginger,Bellany,gbellanyj9@mozilla.com,Female,178.153.251.178,1997,Chevrolet,1500,410089487-2
695,Arabelle,Lepoidevin,alepoidevinja@g.co,Female,0.118.172.163,1992,Oldsmobile,Bravada,031190802-0
696,Lianne,Watling,lwatlingjb@discuz.net,Female,88.75.102.239,1993,Plymouth,Acclaim,075722643-4
697,Ajay,Revelle,arevellejc@unblog.fr,Female,152.201.198.149,1993,Plymouth,Laser,572592790-3
698,Carolus,Mongeot,cmongeotjd@google.co.jp,Male,205.33.168.127,1969,Plymouth,Roadrunner,618915023-3
699,Brittaney,Cicchinelli,bcicchinellije@scientificamerican.com,Female,79.163.136.58,1984,Ford,LTD,145047700-3
700,Keen,Burton,kburtonjf@cisco.com,Male,156.105.158.152,1994,Buick,Coachbuilder,949606777-8
701,Ev,Gue,eguejg@weebly.com,Male,179.177.118.23,1993,Dodge,Ramcharger,145180003-7
702,Ambros,Kinzett,akinzettjh@gov.uk,Male,105.244.48.231,2012,Land Rover,Discovery,563012153-7
703,Adora,Scopham,ascophamji@liveinternet.ru,Female,155.195.19.215,2010,Kia,Sedona,174098584-2
704,Clevey,Marages,cmaragesjj@jugem.jp,Male,75.66.111.213,2000,Isuzu,VehiCROSS,317487629-X
705,Lita,Wehnerr,lwehnerrjk@loc.gov,Female,79.174.67.176,2006,Mazda,Mazda5,610516566-8
706,Malinda,Turfin,mturfinjl@thetimes.co.uk,Female,191.217.38.84,2011,Toyota,TundraMax,051006517-1
707,Maye,Spelwood,mspelwoodjm@webnode.com,Female,148.44.208.71,1998,Dodge,Ram 3500,456758167-9
708,Marjie,Beechcraft,mbeechcraftjn@1und1.de,Female,223.129.171.3,2001,Mazda,626,961189759-6
709,Sissie,Hucke,shuckejo@hostgator.com,Female,235.31.77.70,2010,Lotus,Evora,944205929-7
710,Winslow,Slowcock,wslowcockjp@nydailynews.com,Male,49.251.15.229,2011,Ford,Fiesta,996036342-2
711,Evania,Purches,epurchesjq@booking.com,Female,59.168.92.103,1992,Chevrolet,Camaro,005019888-2
712,Sarajane,Esgate,sesgatejr@wisc.edu,Female,192.136.65.225,1969,Mercury,Cougar,245821306-5
713,Emma,Truman,etrumanjs@usatoday.com,Female,74.167.92.158,2010,BMW,X5 M,354036436-6
714,Leupold,Lefever,llefeverjt@soundcloud.com,Male,14.148.16.253,2008,Ford,Fusion,797010486-X
715,Wandie,Moscone,wmosconeju@nbcnews.com,Female,82.41.94.218,2009,Maserati,GranTurismo,004894226-X
716,Ericha,Vedeshkin,evedeshkinjv@so-net.ne.jp,Female,137.209.74.99,2007,Toyota,Sienna,179222009-X
717,Sydelle,Joan,sjoanjw@webnode.com,Female,171.108.216.178,1990,Volkswagen,Golf,776533879-X
718,Jennine,Haensel,jhaenseljx@google.pl,Female,78.6.136.128,1990,Acura,Legend,759401301-8
719,Anthiathia,Lorenzini,alorenzinijy@usgs.gov,Female,82.30.128.117,1999,Daewoo,Lanos,979072115-3
720,Halsey,Broseman,hbrosemanjz@gravatar.com,Male,51.188.102.46,2003,Mitsubishi,Outlander,266339852-7
721,Alfons,Eason,aeasonk0@canalblog.com,Male,239.89.182.13,2012,Chevrolet,Impala,266136002-6
722,Flora,Wignall,fwignallk1@psu.edu,Female,166.114.219.136,2009,Ford,E250,090899964-X
723,Jenna,Bessant,jbessantk2@diigo.com,Female,110.20.205.148,1992,Ford,Econoline E150,538304402-7
724,Noella,Freyne,nfreynek3@tuttocitta.it,Female,166.32.251.246,2002,Mercedes-Benz,SLK-Class,334375094-8
725,Abigail,Robertis,arobertisk4@earthlink.net,Female,255.166.233.173,2009,Bentley,Brooklands,696947534-4
726,Deny,Mungham,dmunghamk5@nhs.uk,Female,27.154.87.69,1998,Buick,Century,564954305-4
727,Wright,Bruno,wbrunok6@woothemes.com,Male,249.223.191.123,2008,Acura,MDX,614619795-5
728,Griffin,Yuill,gyuillk7@booking.com,Male,118.1.129.43,2007,Rolls-Royce,Phantom,646030886-1
729,Emma,Chivers,echiversk8@surveymonkey.com,Female,178.176.36.4,1999,BMW,7 Series,055516434-9
730,Kinny,Emburey,kembureyk9@cnet.com,Male,180.169.110.156,2003,Dodge,Ram Van 3500,018355668-2
731,Terri,Ebbins,tebbinska@virginia.edu,Male,77.218.198.236,2008,Hummer,H3,095838113-5
732,Malorie,Vannoni,mvannonikb@ox.ac.uk,Female,67.252.179.198,1991,Mercury,Sable,335496852-4
733,Trixi,Unthank,tunthankkc@patch.com,Female,131.194.192.195,2003,Ford,E350,448209395-5
734,Sheffy,Phoenix,sphoenixkd@techcrunch.com,Male,130.253.34.199,2007,MINI,Cooper,489547769-X
735,Minda,Ipsley,mipsleyke@baidu.com,Female,35.32.83.145,1993,Dodge,Ramcharger,142697905-3
736,Odie,Maybery,omayberykf@geocities.jp,Male,57.74.127.131,2001,Mitsubishi,Galant,022401195-2
737,Waylan,Skedge,wskedgekg@surveymonkey.com,Male,110.184.49.145,1992,Dodge,D350,421123413-7
738,Gibbie,Ridgers,gridgerskh@usa.gov,Male,233.196.165.223,1992,Mitsubishi,Pajero,640721530-7
739,Blanche,Whiles,bwhileski@jimdo.com,Female,233.75.56.36,1992,Volkswagen,riolet,438761722-5
740,Saunderson,Plom,splomkj@vinaora.com,Male,133.170.100.248,1996,Chevrolet,G-Series 1500,127630798-5
741,Marilin,Figg,mfiggkk@free.fr,Female,211.27.115.128,2005,Toyota,Highlander,647687899-9
742,Lawrence,Adamolli,ladamollikl@wix.com,Male,61.45.42.107,1980,Ford,Mustang,774568368-8
743,Alexio,Hasslocher,ahasslocherkm@wsj.com,Male,0.100.79.30,1969,Dodge,Charger,655709315-0
744,Averil,Houndesome,ahoundesomekn@goodreads.com,Female,145.102.121.161,2003,Subaru,Forester,475528123-7
745,Analiese,Emney,aemneyko@yale.edu,Female,107.233.237.130,2010,Mercedes-Benz,CLS-Class,502965314-7
746,Irwinn,Waistell,iwaistellkp@intel.com,Male,236.235.33.142,2003,Subaru,Baja,762903325-7
747,Leesa,Bowering,lboweringkq@uol.com.br,Female,223.153.8.118,2009,Volkswagen,New Beetle,089685905-3
748,Elyssa,Wabersich,ewabersichkr@jiathis.com,Female,169.155.25.22,1986,Porsche,911,251478737-8
749,Kimble,Penticost,kpenticostks@cnbc.com,Male,101.50.181.99,1970,Pontiac,Grand Prix,602251321-9
750,Alaric,Arkell,aarkellkt@redcross.org,Male,69.87.102.173,2006,Panoz,Esperante,471383346-0
751,Stephen,Luc,slucku@boston.com,Male,7.234.46.159,2004,Saturn,VUE,606989091-4
752,Mair,Shiel,mshielkv@ucoz.com,Female,66.170.91.155,2010,Ford,Explorer,495004091-X
753,Lyle,Borel,lborelkw@multiply.com,Male,174.174.0.5,1986,Porsche,944,044090470-6
754,Timmy,Gohn,tgohnkx@omniture.com,Male,155.115.107.73,1992,Land Rover,Range Rover,487437298-8
755,Ophelia,Matej,omatejky@addthis.com,Female,7.244.49.240,2003,Jaguar,S-Type,537967631-6
756,Myrtice,Medlen,mmedlenkz@google.com.hk,Female,72.34.17.209,2011,Lexus,IS,935792515-5
757,Brittan,Cicutto,bcicuttol0@list-manage.com,Female,202.119.204.210,2006,Chevrolet,Equinox,138181906-0
758,Nickolas,Heaffey,nheaffeyl1@google.ru,Male,131.83.214.163,2008,Scion,xB,747805278-9
759,Shelbi,Shurrock,sshurrockl2@icio.us,Female,172.120.105.19,1996,Mazda,B-Series Plus,411594082-4
760,Emili,Byng,ebyngl3@youtube.com,Female,189.169.180.239,2012,Ford,Fiesta,733185628-6
761,Lyell,St. Clair,lstclairl4@nymag.com,Male,36.0.76.115,2002,Nissan,Pathfinder,042073179-2
762,Logan,Putnam,lputnaml5@slashdot.org,Male,113.178.134.101,1984,Ford,Thunderbird,898466969-5
763,Kylen,Karolyi,kkarolyil6@theatlantic.com,Female,9.18.151.245,1999,Ford,Ranger,164568820-8
764,Travus,MacClenan,tmacclenanl7@bravesites.com,Male,113.73.210.40,2000,Mercury,Mystique,134669574-1
765,Stillmann,Lembrick,slembrickl8@homestead.com,Male,18.222.190.229,2002,Chevrolet,Avalanche 1500,898347246-4
766,Dukie,Jarritt,djarrittl9@nature.com,Male,75.14.26.80,1999,Toyota,Celica,695268057-8
767,Donnie,Albiston,dalbistonla@arstechnica.com,Female,120.250.164.70,1995,Acura,TL,119838507-3
768,Adriane,Coldridge,acoldridgelb@simplemachines.org,Female,40.33.50.239,1994,Subaru,Justy,233573388-5
769,Allard,Mecco,ameccolc@webmd.com,Male,176.183.30.148,2006,GMC,Savana 3500,111582501-1
770,Lorrie,Redmore,lredmoreld@sina.com.cn,Male,241.62.141.250,2006,Audi,TT,167064508-8
771,Rourke,Deme,rdemele@unc.edu,Male,160.100.158.186,1986,Toyota,MR2,901035865-8
772,Selene,Barrar,sbarrarlf@chron.com,Female,201.62.138.0,2007,Audi,RS 4,023413681-2
773,Susann,MacLaig,smaclaiglg@senate.gov,Female,183.89.237.219,1994,Mazda,B-Series,479200720-8
774,Bengt,Dressel,bdressellh@apache.org,Male,245.92.0.201,2005,Chevrolet,Express 2500,710499453-X
775,Matteo,Banat,mbanatli@artisteer.com,Male,3.187.201.194,1997,Jeep,Wrangler,325152933-1
776,Lock,McKissack,lmckissacklj@netvibes.com,Male,138.135.74.187,2008,GMC,Yukon XL 2500,201989658-3
777,Doralynn,Scurrah,dscurrahlk@51.la,Female,188.77.12.121,1985,Mercedes-Benz,S-Class,629404757-9
778,Moise,Vuitte,mvuittell@mozilla.com,Male,59.254.209.33,2012,Chevrolet,Corvette,087331518-9
779,Reid,Gilchriest,rgilchriestlm@wisc.edu,Male,163.130.241.175,2001,Lexus,LS,186151694-0
780,Kerrill,Minico,kminicoln@reverbnation.com,Female,162.117.78.227,2003,BMW,530,052495315-5
781,Mamie,Kear,mkearlo@house.gov,Female,193.22.134.12,2007,GMC,Yukon,951492127-5
782,Thomasa,Fazzioli,tfazziolilp@jiathis.com,Female,219.108.159.99,2009,GMC,Envoy,619343439-9
783,Kial,Stanyon,kstanyonlq@slideshare.net,Female,169.225.5.100,2001,BMW,M,280297093-3
784,Kennan,Heaseman,kheasemanlr@dmoz.org,Male,246.64.91.204,2006,Lincoln,LS,858968173-4
785,Darlene,Denisovich,ddenisovichls@blogtalkradio.com,Female,76.148.223.94,1978,Chevrolet,Camaro,070552825-1
786,Tommi,Tubritt,ttubrittlt@zimbio.com,Female,75.18.241.52,1996,Chevrolet,Monte Carlo,996464327-6
787,Wat,Kyncl,wkyncllu@nps.gov,Male,64.111.68.8,1986,Ford,Bronco II,684684100-8
788,Felecia,Digman,fdigmanlv@answers.com,Female,200.25.41.89,1987,Volkswagen,Cabriolet,568190536-5
789,Hall,Rarity,hraritylw@vkontakte.ru,Male,239.219.230.234,2006,Porsche,Boxster,855112230-4
790,Romola,Benck,rbencklx@ifeng.com,Female,7.158.18.84,2009,Hyundai,Azera,428753830-7
791,Blair,Lofthouse,blofthousely@cbsnews.com,Male,236.50.223.70,2009,Bentley,Continental,803742688-2
792,Patsy,Kerley,pkerleylz@usgs.gov,Male,59.185.21.166,2008,Lamborghini,ReventÃ³n,839958926-8
793,Lusa,Orwin,lorwinm0@ning.com,Female,245.183.199.99,2006,Maserati,GranSport,945914441-1
794,Glory,Ansteys,gansteysm1@freewebs.com,Female,160.67.102.124,2009,BMW,5 Series,886511594-7
795,Orlando,Barten,obartenm2@prlog.org,Male,12.194.229.102,1992,Mercedes-Benz,600SEL,593263932-6
796,Madeline,Pietraszek,mpietraszekm3@ftc.gov,Female,124.142.177.216,1987,Mazda,626,471288550-5
797,Amberly,Franssen,afranssenm4@smh.com.au,Female,112.198.211.235,2013,Ford,Focus ST,260620011-X
798,Nye,Carnihan,ncarnihanm5@spiegel.de,Male,88.2.160.158,1995,Dodge,Viper,043516028-1
799,Perla,Philippson,pphilippsonm6@vkontakte.ru,Female,83.65.43.47,2011,Porsche,Panamera,828670009-0
800,Peterus,Whitsun,pwhitsunm7@cocolog-nifty.com,Male,110.26.144.189,1998,Kia,Sportage,101748512-7
801,Christian,Genever,cgeneverm8@google.cn,Male,73.243.157.112,2002,Mitsubishi,Lancer,045337749-1
802,Elspeth,Gauson,egausonm9@examiner.com,Female,251.179.104.67,2005,Mazda,MX-5,996823942-9
803,Archaimbaud,Rettie,arettiema@umn.edu,Male,75.107.155.170,2001,Mercury,Sable,323926738-1
804,Gonzalo,Ewing,gewingmb@booking.com,Male,110.130.13.66,2004,GMC,Sierra 3500,631824076-4
805,Brittney,Ajsik,bajsikmc@about.me,Female,189.124.18.214,2012,Nissan,Altima,480325958-5
806,Haleigh,Fidoe,hfidoemd@amazon.de,Female,122.34.37.35,2010,Land Rover,Defender Ice Edition,125758342-5
807,Brit,Southerton,bsouthertonme@umich.edu,Female,182.93.217.241,1996,Acura,RL,296415739-1
808,Jackson,Silverthorn,jsilverthornmf@businesswire.com,Male,221.214.189.145,2002,Volvo,C70,750389354-0
809,Doretta,Brimming,dbrimmingmg@tiny.cc,Female,174.183.44.29,1993,Mazda,RX-7,152903293-8
810,Glad,Grzesiak,ggrzesiakmh@bizjournals.com,Female,139.43.177.132,1995,Dodge,Ram 3500 Club,116591693-2
811,Lucretia,Longhirst,llonghirstmi@blogger.com,Female,221.1.198.210,2005,Hyundai,Sonata,501540448-4
812,Nickey,Druhan,ndruhanmj@google.ru,Male,115.178.175.24,2003,Nissan,Pathfinder,603969160-3
813,Myrilla,Espine,mespinemk@utexas.edu,Female,228.7.107.20,2000,Suzuki,Esteem,955151290-1
814,Celka,Noonan,cnoonanml@rakuten.co.jp,Female,157.15.198.198,2000,Ford,Econoline E150,575148265-4
815,Pamelina,Mowson,pmowsonmm@barnesandnoble.com,Female,171.206.247.179,2010,Chevrolet,Silverado 1500,989407852-4
816,Gwendolin,Minchinton,gminchintonmn@usgs.gov,Female,125.196.201.12,2007,Volkswagen,Passat,704491160-9
817,Desdemona,Hooks,dhooksmo@webmd.com,Female,249.22.144.51,2000,Volkswagen,Cabriolet,440048930-2
818,Barrie,Stolberg,bstolbergmp@sourceforge.net,Female,169.254.119.55,2004,Porsche,911,026950307-2
819,Yoko,Barkly,ybarklymq@cnn.com,Female,5.12.130.20,1994,Lexus,ES,481435572-6
820,Mei,Antonelli,mantonellimr@mac.com,Female,97.11.98.229,1999,Pontiac,Sunfire,207660885-0
821,Prudi,Branton,pbrantonms@livejournal.com,Female,42.86.76.233,2003,Lincoln,Blackwood,217300599-5
822,Davidde,Kennealy,dkennealymt@huffingtonpost.com,Male,124.88.103.34,2008,Ford,Fusion,026453567-7
823,Kaylil,Dron,kdronmu@uiuc.edu,Female,33.130.50.183,2010,Lincoln,MKX,946228106-8
824,Enrique,Tinker,etinkermv@nydailynews.com,Male,234.140.20.228,2003,Chrysler,Voyager,910857439-1
825,Udall,Piggens,upiggensmw@skyrock.com,Male,240.143.4.109,1995,Volvo,960,472752870-3
826,Philbert,Hinemoor,phinemoormx@technorati.com,Male,239.207.103.4,1997,Ford,Crown Victoria,028978456-5
827,Jacinthe,Parradine,jparradinemy@blogger.com,Female,199.24.124.200,1992,Acura,Vigor,092242161-7
828,Isa,Sleaford,isleafordmz@skyrock.com,Male,249.141.143.70,1999,Lexus,SC,645010768-5
829,Marion,Simion,msimionn0@theatlantic.com,Female,35.181.123.233,1985,Mercury,Marquis,807606675-1
830,Gussie,Abdie,gabdien1@samsung.com,Female,248.214.161.33,2008,Toyota,Tacoma,928507898-2
831,Ric,Greenhough,rgreenhoughn2@imgur.com,Male,123.165.165.220,2001,Honda,CR-V,320436433-X
832,Saundra,Chettle,schettlen3@ox.ac.uk,Male,50.70.68.163,1994,GMC,1500 Club Coupe,202677439-0
833,Sylvia,Raybould,sraybouldn4@icq.com,Female,153.114.242.250,1996,Hyundai,Accent,605081139-3
834,Archie,Pignon,apignonn5@blog.com,Male,117.71.237.92,1986,Buick,LeSabre,268021050-6
835,Brigg,Gisburne,bgisburnen6@blogger.com,Male,99.2.96.214,1999,GMC,Sonoma,843121751-0
836,Crystie,Cathrae,ccathraen7@princeton.edu,Female,157.158.36.55,2008,Hyundai,Veracruz,122797294-6
837,Burnaby,Bullent,bbullentn8@businessinsider.com,Male,119.69.172.225,1994,Isuzu,Rodeo,381304157-3
838,Karl,Edson,kedsonn9@instagram.com,Male,74.135.16.60,1998,Chevrolet,Suburban 1500,718209029-5
839,Consolata,Hayle,chaylena@freewebs.com,Female,85.49.243.232,2011,GMC,Savana 3500,067940419-8
840,Doti,Osipov,dosipovnb@webs.com,Female,95.197.117.23,2001,Infiniti,G,123244332-8
841,Waring,Ayrton,wayrtonnc@mit.edu,Male,203.33.212.196,1998,Buick,Skylark,337490268-5
842,Lilian,Yeoman,lyeomannd@altervista.org,Female,220.166.27.209,2002,Toyota,Highlander,495127045-5
843,Jaymee,Twigg,jtwiggne@weibo.com,Female,10.117.3.171,1989,Mitsubishi,Mirage,166253208-3
844,Margit,Waple,mwaplenf@princeton.edu,Female,181.21.67.227,2003,Chevrolet,Silverado,664198344-7
845,Jamie,Cavie,jcavieng@bloglovin.com,Male,80.13.53.84,1989,Mercedes-Benz,W201,411419102-X
846,Menard,Bridger,mbridgernh@google.nl,Male,69.50.66.150,2012,Kia,Sedona,059205431-4
847,Lemmie,Rohlf,lrohlfni@flavors.me,Male,215.222.27.226,2009,Infiniti,QX56,540261463-6
848,Josselyn,Goldring,jgoldringnj@is.gd,Female,30.209.196.246,1992,Geo,Tracker,802258375-8
849,Farrel,Mansell,fmansellnk@berkeley.edu,Male,90.146.114.12,2002,Ford,Escort,462866905-8
850,Rhodie,Vignaux,rvignauxnl@histats.com,Female,170.44.124.132,2007,Ford,Five Hundred,342883696-0
851,Joli,Blaylock,jblaylocknm@xing.com,Female,45.68.100.195,2000,Honda,Insight,410037546-8
852,Woodrow,Chiommienti,wchiommientinn@i2i.jp,Male,64.67.253.188,1997,Audi,riolet,788166550-5
853,Beverly,Dulanty,bdulantyno@omniture.com,Female,248.157.10.135,2013,BMW,X5 M,874177679-8
854,Jacki,Meddows,jmeddowsnp@aboutads.info,Female,210.91.17.80,2006,Spyker,C8,365561531-0
855,Franklin,Persich,fpersichnq@thetimes.co.uk,Male,201.131.18.42,1993,Mitsubishi,Pajero,761735692-7
856,Lothario,Mapowder,lmapowdernr@redcross.org,Male,32.106.78.165,2006,Toyota,Tacoma,181912480-0
857,Hanny,Fiddy,hfiddyns@unblog.fr,Female,77.220.101.143,1997,Mitsubishi,Mirage,917087491-3
858,Deny,Rawe,drawent@blogtalkradio.com,Female,72.155.152.39,1990,Pontiac,Grand Prix,498910476-5
859,Cointon,Mcmanaman,cmcmanamannu@miibeian.gov.cn,Male,78.31.48.15,2003,Saab,9-3,570909949-X
860,Jarrid,Dearl,jdearlnv@amazon.de,Male,204.166.184.77,2005,MINI,Cooper,125594742-X
861,Sile,Hegges,sheggesnw@moonfruit.com,Female,177.224.51.155,2006,Dodge,Magnum,461754245-0
862,Sheffie,Dunseith,sdunseithnx@goo.gl,Male,120.180.129.62,2005,Mitsubishi,Endeavor,440464951-7
863,Linn,Perdue,lperdueny@discovery.com,Female,0.221.99.205,1995,GMC,2500,406324366-4
864,Henrik,Pitrasso,hpitrassonz@goo.ne.jp,Male,160.34.185.147,1999,Infiniti,I,922857555-7
865,Di,Pylkynyton,dpylkynytono0@vk.com,Female,130.206.87.136,1991,Mazda,RX-7,886678607-1
866,Herby,Shapiro,hshapiroo1@auda.org.au,Male,47.172.255.191,2001,Lexus,RX,130754415-0
867,Albie,McInulty,amcinultyo2@adobe.com,Male,121.20.214.31,1993,GMC,Rally Wagon 2500,830213291-8
868,Kimmy,Francomb,kfrancombo3@nbcnews.com,Female,47.54.59.249,1991,Honda,Accord,364947118-3
869,Darlene,Pietruszewicz,dpietruszewiczo4@flavors.me,Female,143.47.221.7,2009,Buick,LaCrosse,902214074-1
870,Verna,Doylend,vdoylendo5@washingtonpost.com,Female,68.97.123.3,1993,Geo,Storm,505855496-8
871,Bard,Antonowicz,bantonowiczo6@patch.com,Male,148.14.247.157,2007,Suzuki,SX4,076967776-2
872,Tymothy,Beere,tbeereo7@utexas.edu,Male,219.133.249.113,1992,Dodge,Ram Wagon B150,890436008-0
873,Mariana,Wernher,mwernhero8@yahoo.com,Female,13.179.83.36,1994,Chevrolet,Sportvan G20,272004784-8
874,Linnie,McKeowon,lmckeowono9@about.me,Female,14.209.31.109,2006,Mazda,Mazda5,614548982-0
875,Dynah,Itscowics,ditscowicsoa@oaic.gov.au,Female,232.126.217.42,2003,Kia,Spectra,516463498-8
876,Jayme,Helks,jhelksob@umich.edu,Male,14.65.171.182,1972,Pontiac,Grand Prix,164313116-8
877,Ivar,Trobridge,itrobridgeoc@clickbank.net,Male,107.20.136.143,2012,Volkswagen,Tiguan,519635010-1
878,Dorene,Arnli,darnliod@diigo.com,Female,72.134.44.62,1995,Mazda,Millenia,585350062-7
879,Gary,Ozintsev,gozintsevoe@imdb.com,Male,160.225.85.200,1993,Mitsubishi,RVR,861447762-7
880,Phyllida,Othen,pothenof@scientificamerican.com,Female,156.94.161.178,1996,Audi,A4,147115763-6
881,Arley,Blesing,ablesingog@biglobe.ne.jp,Male,229.184.1.58,1991,Buick,Park Avenue,457567704-3
882,Porty,Ellesmere,pellesmereoh@tumblr.com,Male,173.239.209.48,1996,Chevrolet,1500,319452182-9
883,Glen,Janicek,gjanicekoi@ed.gov,Female,202.127.116.165,1994,Oldsmobile,98,922376293-6
884,Dalia,Jan,djanoj@dyndns.org,Female,228.86.11.79,2012,Toyota,Matrix,463849169-3
885,Nickey,Drinkall,ndrinkallok@gravatar.com,Male,193.246.204.6,1992,Ford,F-Series,235367267-1
886,Naoma,Gossage,ngossageol@skyrock.com,Female,252.164.254.159,2002,Mazda,Miata MX-5,213727917-7
887,Laura,Vlasyuk,lvlasyukom@chicagotribune.com,Female,208.99.200.101,2001,Chrysler,LHS,458814173-2
888,Brock,McShirrie,bmcshirrieon@icio.us,Male,47.179.155.116,1994,Mercury,Grand Marquis,712397813-7
889,Barry,Densell,bdenselloo@live.com,Male,232.193.228.151,2010,Dodge,Grand Caravan,683325930-5
890,Irvin,Gartside,igartsideop@boston.com,Male,161.58.113.61,1998,Volvo,V70,881112037-3
891,Aube,Delyth,adelythoq@timesonline.co.uk,Male,112.25.190.165,2010,Aston Martin,Vantage,014661589-1
892,Free,Garling,fgarlingor@mysql.com,Male,241.28.45.220,2004,Honda,Pilot,335819887-1
893,Belva,Antonescu,bantonescuos@live.com,Female,170.225.162.189,2013,Volvo,XC90,251391674-3
894,Corrie,Willerton,cwillertonot@chicagotribune.com,Female,249.119.250.117,2000,Honda,Odyssey,528021196-6
895,Ame,Moughtin,amoughtinou@people.com.cn,Female,139.98.214.198,2012,Ford,Mustang,171874082-4
896,Gertrude,Von Brook,gvonbrookov@jalbum.net,Female,199.77.33.185,2000,Nissan,Quest,477909282-5
897,Inigo,Harrison,iharrisonow@github.io,Male,16.62.39.160,2000,Acura,Integra,889690323-8
898,Guillermo,Seamons,gseamonsox@sciencedirect.com,Male,17.148.104.66,2007,Lexus,SC,321018123-3
899,Marjie,Worstall,mworstalloy@simplemachines.org,Female,170.158.109.231,1973,Chevrolet,Camaro,827056179-7
900,Melosa,Crassweller,mcrasswelleroz@kickstarter.com,Female,46.32.237.79,2009,Mercedes-Benz,R-Class,345513729-6
901,Katerine,Wybourne,kwybournep0@ca.gov,Female,100.43.45.74,1986,Mitsubishi,Mighty Max,677524780-X
902,Catherine,Radmer,cradmerp1@deliciousdays.com,Female,229.248.9.232,2006,GMC,Envoy XL,828648522-X
903,Hermy,Epsly,hepslyp2@bloglovin.com,Male,212.97.86.24,1987,Acura,Legend,801137374-9
904,Charmian,Whittington,cwhittingtonp3@utexas.edu,Female,141.56.182.28,2005,Saab,9-3,768547987-7
905,Earl,Etridge,eetridgep4@ucla.edu,Male,147.33.52.223,2004,Chevrolet,Silverado 1500,495906040-9
906,Lyell,Ruddock,lruddockp5@hostgator.com,Male,82.84.140.6,2003,Chevrolet,TrailBlazer,742640843-4
907,Nari,Diehn,ndiehnp6@scientificamerican.com,Female,171.83.169.171,1968,Pontiac,Grand Prix,142941076-0
908,Elladine,Gerholz,egerholzp7@mail.ru,Female,25.98.196.12,1993,Volvo,240,388893604-7
909,Elmo,Hardin,ehardinp8@berkeley.edu,Male,45.175.11.234,2009,Kia,Sedona,798446626-2
910,Drusi,Woodgate,dwoodgatep9@about.com,Female,60.94.95.83,2013,GMC,Yukon XL 1500,119276607-5
911,Tomas,Auld,tauldpa@usda.gov,Male,51.237.39.141,2000,Ford,Explorer Sport Trac,288752635-9
912,Sibeal,Middleweek,smiddleweekpb@columbia.edu,Female,128.135.70.111,1985,Mercedes-Benz,W201,619938422-9
913,Marje,Cheek,mcheekpc@a8.net,Female,50.168.239.44,1988,Land Rover,Range Rover,072171455-2
914,Etheline,Temporal,etemporalpd@deliciousdays.com,Female,136.243.236.175,2002,Saab,9-3,175277068-4
915,Nicolis,Corstorphine,ncorstorphinepe@sourceforge.net,Male,128.33.89.28,1994,Dodge,Grand Caravan,737257631-8
916,Dianemarie,Scranedge,dscranedgepf@1688.com,Female,189.33.151.116,2007,Porsche,911,959638969-6
917,Erhart,Ninnotti,eninnottipg@zdnet.com,Male,71.193.182.6,2010,Mazda,Mazda3,701994536-8
918,Kalvin,Skippon,kskipponph@pagesperso-orange.fr,Male,20.188.71.129,2007,BMW,3 Series,239369009-3
919,Jaquith,Almey,jalmeypi@senate.gov,Female,108.34.231.11,1993,Volkswagen,Golf III,795853846-4
920,Syd,Elgram,selgrampj@comsenz.com,Male,204.228.84.67,2010,BMW,X3,710944317-5
921,Jaimie,Wistance,jwistancepk@examiner.com,Male,253.125.174.137,2005,GMC,Savana 1500,801232492-X
922,Nadean,Dungate,ndungatepl@sfgate.com,Female,69.255.80.28,2004,Buick,Park Avenue,137953707-X
923,Gwenore,Ridett,gridettpm@exblog.jp,Female,178.245.155.151,2000,Lotus,Esprit,380682533-5
924,Quintus,Sproston,qsprostonpn@cbsnews.com,Male,19.224.39.87,1991,Lamborghini,Diablo,832235432-0
925,Inessa,Bartunek,ibartunekpo@epa.gov,Female,172.171.114.14,2004,Toyota,Tundra,310050778-9
926,Amberly,Cinnamond,acinnamondpp@nhs.uk,Female,7.213.209.117,2004,Mazda,MPV,970192236-0
927,Lianna,Vedekhin,lvedekhinpq@imgur.com,Female,63.240.53.41,2003,Toyota,MR2,127147980-X
928,Marylou,Capron,mcapronpr@dropbox.com,Female,42.3.234.60,2000,Dodge,Viper,351759948-4
929,Veriee,Foster-Smith,vfostersmithps@narod.ru,Female,67.101.114.235,2004,Mitsubishi,Galant,400740366-X
930,Brennan,Watkiss,bwatkisspt@gnu.org,Male,177.205.142.185,1998,Plymouth,Neon,281528060-4
931,Des,Copnell,dcopnellpu@timesonline.co.uk,Male,98.8.148.91,1996,GMC,Yukon,929650959-9
932,Pascale,Daddow,pdaddowpv@slate.com,Male,80.75.171.75,1997,Dodge,Ram 2500,904660719-4
933,Marion,Clemmey,mclemmeypw@yellowpages.com,Male,166.11.26.118,1992,Infiniti,G,315885975-0
934,Lemar,Steventon,lsteventonpx@artisteer.com,Male,123.122.113.53,2011,Subaru,Outback,022673676-8
935,Lionel,De La Hay,ldelahaypy@studiopress.com,Male,72.117.225.210,1998,Acura,RL,480427776-5
936,Sher,Shanks,sshankspz@seattletimes.com,Female,255.70.78.50,2001,Chevrolet,Venture,614847398-4
937,Denver,Nolder,dnolderq0@nasa.gov,Male,75.209.51.165,2012,Mercedes-Benz,CLS-Class,659798662-8
938,Filberte,Scurlock,fscurlockq1@bloglovin.com,Male,118.18.141.143,2008,Volkswagen,Passat,525964069-1
939,Hinze,McRuvie,hmcruvieq2@ifeng.com,Male,158.98.93.114,2002,Chrysler,Voyager,432926275-4
940,Barbey,Cosby,bcosbyq3@exblog.jp,Female,118.85.66.227,1994,Toyota,Supra,814123895-7
941,Gale,Blas,gblasq4@exblog.jp,Male,25.220.2.226,1998,Pontiac,Trans Sport,959708862-2
942,Buffy,Rake,brakeq5@discovery.com,Female,153.157.27.106,1988,Lincoln,Town Car,335184386-0
943,Silas,Pavia,spaviaq6@jiathis.com,Male,196.120.229.147,1998,BMW,5 Series,598029396-5
944,Deedee,Monteath,dmonteathq7@delicious.com,Female,59.103.124.185,2010,Dodge,Journey,799109016-7
945,Cosmo,Townley,ctownleyq8@nytimes.com,Male,181.6.100.114,1985,Mercedes-Benz,SL-Class,521731672-1
946,Florri,Ashdown,fashdownq9@cbslocal.com,Female,6.206.55.4,2000,GMC,Yukon XL 2500,153502176-4
947,Sonia,Scotland,sscotlandqa@ox.ac.uk,Female,231.244.197.131,2011,Nissan,Murano,952839903-7
948,Itch,Bamlett,ibamlettqb@live.com,Male,93.168.145.48,2009,Cadillac,XLR,375060102-X
949,Rog,Croce,rcroceqc@go.com,Male,109.177.65.194,2012,Mitsubishi,Galant,114894665-9
950,Antony,Evensden,aevensdenqd@wired.com,Male,81.71.102.239,1987,Pontiac,Gemini,207159574-2
951,Brandon,Ciementini,bciementiniqe@cnn.com,Male,223.59.53.146,2010,Jeep,Commander,801146142-7
952,Sullivan,Perton,spertonqf@chicagotribune.com,Male,29.181.162.190,1998,Hyundai,Accent,258508656-9
953,Merle,Silburn,msilburnqg@cnet.com,Female,184.26.151.5,2013,Ford,Taurus,435795378-2
954,Daron,MacCurlye,dmaccurlyeqh@answers.com,Male,45.158.176.181,1997,Nissan,Pathfinder,028076537-1
955,Kirstyn,Tatlowe,ktatloweqi@theatlantic.com,Female,23.87.235.250,2003,BMW,Z8,862123958-2
956,Nicki,Doghartie,ndoghartieqj@forbes.com,Female,49.101.162.236,2008,Land Rover,Freelander,499233772-4
957,Burnaby,Bilborough,bbilboroughqk@xinhuanet.com,Male,228.2.209.52,1992,GMC,Yukon,856745972-9
958,Myrwyn,Suggitt,msuggittql@bandcamp.com,Male,99.19.24.108,2012,Porsche,Boxster,422954535-5
959,Idalia,Renzini,irenziniqm@indiatimes.com,Female,18.11.1.169,2002,Buick,Rendezvous,625924093-7
960,Erna,Janu,ejanuqn@163.com,Female,146.122.219.6,2008,Ferrari,612 Scaglietti,762959960-9
961,Dario,Ivashkov,divashkovqo@statcounter.com,Male,69.179.102.92,1988,Porsche,924,813508976-7
962,Elna,McGlashan,emcglashanqp@discovery.com,Female,244.98.254.45,2011,Land Rover,Freelander,580049557-2
963,Iolande,Brunesco,ibrunescoqq@addtoany.com,Female,140.228.45.44,1997,Honda,Civic,627771439-2
964,Chico,Haile,chaileqr@nyu.edu,Male,182.241.169.109,2001,Oldsmobile,Silhouette,063731133-7
965,Torry,Harriott,tharriottqs@github.com,Male,85.135.180.226,1996,Cadillac,Seville,230635865-6
966,Lek,Hynson,lhynsonqt@weather.com,Male,149.38.12.48,2008,Maserati,GranTurismo,221065497-1
967,Rosella,Baldelli,rbaldelliqu@hugedomains.com,Female,204.26.59.126,2004,Lincoln,LS,524287923-8
968,Elsa,Ewert,eewertqv@mapy.cz,Female,101.129.15.54,2011,Mercury,Mariner,201161121-0
969,Anallise,Mattis,amattisqw@reverbnation.com,Female,148.245.18.29,1996,Honda,Prelude,365104120-4
970,Locke,Frogley,lfrogleyqx@bigcartel.com,Male,53.68.94.151,2002,Jaguar,XK Series,440693706-4
971,Mile,Skokoe,mskokoeqy@bloglovin.com,Male,175.26.112.235,1996,Dodge,Ram 3500,056425228-X
972,Ethelda,Parlatt,eparlattqz@amazon.co.uk,Female,221.160.105.249,2009,Chevrolet,Traverse,089287299-3
973,Mace,Benjefield,mbenjefieldr0@blogspot.com,Male,206.95.6.226,2004,BMW,X3,435460206-7
974,Ole,Jannex,ojannexr1@ocn.ne.jp,Male,244.214.127.106,1991,Ford,Aerostar,741512288-7
975,Reggis,MacAlpine,rmacalpiner2@alibaba.com,Male,10.69.223.23,1997,Pontiac,Sunfire,631620695-X
976,Lulu,Jenks,ljenksr3@livejournal.com,Female,46.37.195.166,2012,Jeep,Patriot,933799650-2
977,Kristien,Zupone,kzuponer4@blogtalkradio.com,Female,75.234.69.90,1996,Ford,Econoline E250,329869727-3
978,Felipa,Badini,fbadinir5@altervista.org,Female,177.165.37.228,1993,Volkswagen,Cabriolet,294929951-2
979,Gayle,Drewe,gdrewer6@elpais.com,Male,163.142.22.252,1986,Volkswagen,Passat,865204943-2
980,Edsel,Kahler,ekahlerr7@ask.com,Male,42.177.179.81,2009,Mercedes-Benz,M-Class,574025556-2
981,Idette,Clendening,iclendeningr8@nba.com,Female,40.66.70.120,2007,Dodge,Ram 2500,301437982-4
982,Hector,Connew,hconnewr9@nytimes.com,Male,26.119.176.160,2010,Honda,Civic,419576395-9
983,Nora,Kondrachenko,nkondrachenkora@omniture.com,Female,176.26.75.135,2005,Lincoln,Navigator,829176777-7
984,Valentino,Norheny,vnorhenyrb@gmpg.org,Male,136.121.94.35,2004,Saturn,L-Series,414667449-2
985,Lorelle,Edlyne,ledlynerc@soundcloud.com,Female,118.75.64.11,2003,Ford,E150,186669239-9
986,Dexter,Cobbe,dcobberd@microsoft.com,Male,228.229.98.167,1991,Lincoln,Town Car,410608196-2
987,Rufe,Fontenot,rfontenotre@npr.org,Male,68.33.44.182,1992,Subaru,Justy,623485950-X
988,Stanford,McGarahan,smcgarahanrf@cisco.com,Male,68.189.199.237,2002,Ford,Econoline E350,390460797-9
989,Micheline,Edmundson,medmundsonrg@wp.com,Female,153.156.132.68,1997,Audi,A8,799005871-5
990,Nancy,O'Lyhane,nolyhanerh@google.ru,Female,116.185.253.60,2000,Acura,NSX,320597369-0
991,Adriano,Gogie,agogieri@digg.com,Male,60.28.236.218,1998,Dodge,Caravan,841508538-9
992,Garold,Althrop,galthroprj@cam.ac.uk,Male,129.18.124.80,2012,Volkswagen,Tiguan,837537936-0
993,Jayme,Caddies,jcaddiesrk@quantcast.com,Female,121.54.143.117,2003,Mercedes-Benz,SLK-Class,697375544-5
994,Evangelin,Vaszoly,evaszolyrl@photobucket.com,Female,54.56.46.12,2003,Dodge,Ram Van 3500,330890738-0
995,Bernice,Matura,bmaturarm@t.co,Female,148.121.95.16,2001,Hummer,H1,994252225-5
996,Stevie,Villa,svillarn@twitpic.com,Male,184.185.138.124,2010,Jeep,Liberty,818594292-7
997,Michaela,Fishburn,mfishburnro@opera.com,Female,11.46.50.33,2004,Holden,Monaro,774912817-4
998,Debbi,Leverson,dleversonrp@sphinn.com,Female,141.78.104.18,2007,Toyota,FJ Cruiser,149391861-3
999,Melanie,Adamovitch,madamovitchrq@drupal.org,Female,26.81.38.234,2000,Chevrolet,Suburban 2500,782611669-4
1000,Craggie,Tilbury,ctilburyrr@trellian.com,Male,179.69.252.225,2001,Mitsubishi,Diamante,887210959-0
